This is LuaHBTeX, Version 1.24.0 (TeX Live 2026)  (format=lualatex 2026.3.31)  21 MAY 2026 14:30
 restricted system commands enabled.
**index.tex
(./index.tex
LaTeX2e <2025-11-01>
L3 programming layer <2026-01-19>
Lua module: luaotfload 2024-12-03 v3.29 Lua based OpenType font support
Lua module: lualibs 2023-07-13 v2.76 ConTeXt Lua standard libraries.
Lua module: lualibs-extended 2023-07-13 v2.76 ConTeXt Lua libraries -- extended collection.
luaotfload | conf : Root cache directory is "/Users/dq/Library/TinyTeX/texmf-var/luatex-cache/generic/names".
luaotfload | init : Loading fontloader "fontloader-2023-12-28.lua" from kpse-resolved path "/Users/dq/Library/TinyTeX/texmf-dist/tex/luatex/luaotfload/fontloader-2023-12-28.lua".
Lua-only attribute luaotfload@noligature = 1
luaotfload | init : Context OpenType loader version 3.134
Inserting `luaotfload.node_processor' in `pre_linebreak_filter'.
Inserting `luaotfload.node_processor' in `hpack_filter'.
Inserting `luaotfload.glyph_stream' in `glyph_stream_provider'.
Inserting `luaotfload.define_font' in `define_font'.
Lua-only attribute luaotfload_color_attribute = 2
luaotfload | conf : Root cache directory is "/Users/dq/Library/TinyTeX/texmf-var/luatex-cache/generic/names".
Inserting `luaotfload.harf.strip_prefix' in `find_opentype_file'.
Inserting `luaotfload.harf.strip_prefix' in `find_truetype_file'.
Removing  `luaotfload.glyph_stream' from `glyph_stream_provider'.
Inserting `luaotfload.harf.glyphstream' in `glyph_stream_provider'.
Inserting `luaotfload.harf.finalize_vlist' in `post_linebreak_filter'.
Inserting `luaotfload.harf.finalize_hlist' in `hpack_filter'.
Inserting `luaotfload.cleanup_files' in `wrapup_run'.
Inserting `luaotfload.harf.finalize_unicode' in `finish_pdffile'.
Inserting `luaotfload.glyphinfo' in `glyph_info'.
Lua-only attribute luaotfload.letterspace_done = 3
Inserting `luaotfload.aux.set_sscale_dimens' in `luaotfload.patch_font'.
Inserting `luaotfload.aux.set_font_index' in `luaotfload.patch_font'.
Inserting `luaotfload.aux.patch_cambria_domh' in `luaotfload.patch_font'.
Inserting `luaotfload.aux.fixup_fontdata' in `luaotfload.patch_font_unsafe'.
Inserting `luaotfload.aux.set_capheight' in `luaotfload.patch_font'.
Inserting `luaotfload.aux.set_xheight' in `luaotfload.patch_font'.
Inserting `luaotfload.rewrite_fontname' in `luaotfload.patch_font'.
Inserting `tracingstacklevels' in `input_level_string'. (/Users/dq/Library/TinyTeX/texmf-dist/tex/latex/base/report.cls
Document Class: report 2025/01/22 v1.4n Standard LaTeX document class
(/Users/dq/Library/TinyTeX/texmf-dist/tex/latex/base/size10.clo
File: size10.clo 2025/01/22 v1.4n Standard LaTeX file (size option)
luaotfload | db : Font names database loaded from /Users/dq/Library/TinyTeX/texmf-var/luatex-cache/generic/names/luaotfload-names.luc.gz)
\c@part=\count273
\c@chapter=\count274
\c@section=\count275
\c@subsection=\count276
\c@subsubsection=\count277
\c@paragraph=\count278
\c@subparagraph=\count279
\c@figure=\count280
\c@table=\count281
\abovecaptionskip=\skip49
\belowcaptionskip=\skip50
\bibindent=\dimen147
) (/Users/dq/Library/TinyTeX/texmf-dist/tex/latex/xcolor/xcolor.sty
Package: xcolor 2024/09/29 v3.02 LaTeX color extensions (UK)
(/Users/dq/Library/TinyTeX/texmf-dist/tex/latex/graphics-cfg/color.cfg
File: color.cfg 2016/01/02 v1.6 sample color configuration
)
Package xcolor Info: Driver file: luatex.def on input line 274.
(/Users/dq/Library/TinyTeX/texmf-dist/tex/latex/graphics-def/luatex.def
File: luatex.def 2025/09/29 v1.2f Graphics/color driver for luatex
) (/Users/dq/Library/TinyTeX/texmf-dist/tex/latex/graphics/mathcolor.ltx)
Package xcolor Info: Model `cmy' substituted by `cmy0' on input line 1349.
Package xcolor Info: Model `hsb' substituted by `rgb' on input line 1353.
Package xcolor Info: Model `RGB' extended on input line 1365.
Package xcolor Info: Model `HTML' substituted by `rgb' on input line 1367.
Package xcolor Info: Model `Hsb' substituted by `hsb' on input line 1368.
Package xcolor Info: Model `tHsb' substituted by `hsb' on input line 1369.
Package xcolor Info: Model `HSB' substituted by `hsb' on input line 1370.
Package xcolor Info: Model `Gray' substituted by `gray' on input line 1371.
Package xcolor Info: Model `wave' substituted by `hsb' on input line 1372.
) (/Users/dq/Library/TinyTeX/texmf-dist/tex/latex/graphics/dvipsnam.def
File: dvipsnam.def 2016/06/17 v3.0m Driver-dependent file (DPC,SPQR)
) (/Users/dq/Library/TinyTeX/texmf-dist/tex/latex/xcolor/svgnam.def
File: svgnam.def 2024/09/29 v3.02 Predefined colors according to SVG 1.1 (UK)
) (/Users/dq/Library/TinyTeX/texmf-dist/tex/latex/xcolor/x11nam.def
File: x11nam.def 2024/09/29 v3.02 Predefined colors according to Unix/X11 (UK)
) (/Users/dq/Library/TinyTeX/texmf-dist/tex/latex/amsmath/amsmath.sty
Package: amsmath 2025/07/09 v2.17z AMS math features
\@mathmargin=\skip51
For additional information on amsmath, use the `?' option.
(/Users/dq/Library/TinyTeX/texmf-dist/tex/latex/amsmath/amstext.sty
Package: amstext 2024/11/17 v2.01 AMS text
(/Users/dq/Library/TinyTeX/texmf-dist/tex/latex/amsmath/amsgen.sty
File: amsgen.sty 1999/11/30 v2.0 generic functions
\@emptytoks=\toks17
\ex@=\dimen148
)) (/Users/dq/Library/TinyTeX/texmf-dist/tex/latex/amsmath/amsbsy.sty
Package: amsbsy 1999/11/29 v1.2d Bold Symbols
\pmbraise@=\dimen149
) (/Users/dq/Library/TinyTeX/texmf-dist/tex/latex/amsmath/amsopn.sty
Package: amsopn 2022/04/08 v2.04 operator names
)
\inf@bad=\count282
LaTeX Info: Redefining \frac on input line 235.
\uproot@=\count283
\leftroot@=\count284
LaTeX Info: Redefining \overline on input line 398.
LaTeX Info: Redefining \colon on input line 409.
\classnum@=\count285
\DOTSCASE@=\count286
LaTeX Info: Redefining \ldots on input line 495.
LaTeX Info: Redefining \dots on input line 498.
LaTeX Info: Redefining \cdots on input line 619.
\Mathstrutbox@=\box53
\strutbox@=\box54
LaTeX Info: Redefining \big on input line 721.
LaTeX Info: Redefining \Big on input line 722.
LaTeX Info: Redefining \bigg on input line 723.
LaTeX Info: Redefining \Bigg on input line 724.
\big@size=\dimen150
LaTeX Font Info:    Redeclaring font encoding OML on input line 742.
LaTeX Font Info:    Redeclaring font encoding OMS on input line 743.
\macc@depth=\count287
LaTeX Info: Redefining \bmod on input line 904.
LaTeX Info: Redefining \pmod on input line 909.
LaTeX Info: Redefining \smash on input line 939.
LaTeX Info: Redefining \relbar on input line 969.
LaTeX Info: Redefining \Relbar on input line 970.
\c@MaxMatrixCols=\count288
\dotsspace@=\muskip17
\c@parentequation=\count289
\dspbrk@lvl=\count290
\tag@help=\toks18
\row@=\count291
\column@=\count292
\maxfields@=\count293
\andhelp@=\toks19
\eqnshift@=\dimen151
\alignsep@=\dimen152
\tagshift@=\dimen153
\tagwidth@=\dimen154
\totwidth@=\dimen155
\lineht@=\dimen156
\@envbody=\toks20
\multlinegap=\skip52
\multlinetaggap=\skip53
\mathdisplay@stack=\toks21
LaTeX Info: Redefining \[ on input line 2950.
LaTeX Info: Redefining \] on input line 2951.
) (/Users/dq/Library/TinyTeX/texmf-dist/tex/latex/amsfonts/amssymb.sty
Package: amssymb 2013/01/14 v3.01 AMS font symbols
(/Users/dq/Library/TinyTeX/texmf-dist/tex/latex/amsfonts/amsfonts.sty
Package: amsfonts 2013/01/14 v3.01 Basic AMSFonts support
\symAMSa=\mathgroup4
\symAMSb=\mathgroup5
LaTeX Font Info:    Redeclaring math symbol \hbar on input line 98.
LaTeX Font Info:    Overwriting math alphabet `\mathfrak' in version `bold'
(Font)                  U/euf/m/n --> U/euf/b/n on input line 106.
)) (/Users/dq/Library/TinyTeX/texmf-dist/tex/generic/iftex/iftex.sty
Package: iftex 2024/12/12 v1.0g TeX engine tests
) (/Users/dq/Library/TinyTeX/texmf-dist/tex/latex/unicode-math/unicode-math.sty (/Users/dq/Library/TinyTeX/texmf-dist/tex/latex/l3kernel/expl3.sty
Package: expl3 2026-01-19 L3 programming layer (loader) 
(/Users/dq/Library/TinyTeX/texmf-dist/tex/latex/l3backend/l3backend-luatex.def
File: l3backend-luatex.def 2025-10-09 L3 backend support: PDF output (LuaTeX)
\l__color_backend_stack_int=\count294
Inserting `l3color' in `luaotfload.parse_color'.))
Package: unicode-math 2023/08/13 v0.8r Unicode maths in XeLaTeX and LuaLaTeX
(/Users/dq/Library/TinyTeX/texmf-dist/tex/latex/unicode-math/unicode-math-luatex.sty
Package: unicode-math-luatex 2023/08/13 v0.8r Unicode maths in XeLaTeX and LuaLaTeX
(/Users/dq/Library/TinyTeX/texmf-dist/tex/latex/l3packages/xparse/xparse.sty
Package: xparse 2025-10-09 L3 Experimental document command parser
) (/Users/dq/Library/TinyTeX/texmf-dist/tex/latex/l3packages/l3keys2e/l3keys2e.sty
Package: l3keys2e 2025-10-09 LaTeX2e option processing using LaTeX3 keys
) (/Users/dq/Library/TinyTeX/texmf-dist/tex/latex/fontspec/fontspec.sty
Package: fontspec 2025/09/29 v2.9g Font selection for XeLaTeX and LuaLaTeX
Lua module: fontspec 2025/09/29 v2.9g Font selection for XeLaTeX and LuaLaTeX (/Users/dq/Library/TinyTeX/texmf-dist/tex/latex/fontspec/fontspec-luatex.sty
Package: fontspec-luatex 2025/09/29 v2.9g Font selection for XeLaTeX and LuaLaTeX
\l__fontspec_script_int=\count295
\l__fontspec_language_int=\count296
\l__fontspec_strnum_int=\count297
\l__fontspec_tmp_int=\count298
\l__fontspec_tmpa_int=\count299
\l__fontspec_tmpb_int=\count300
\l__fontspec_tmpc_int=\count301
\l__fontspec_em_int=\count302
\l__fontspec_emdef_int=\count303
\l__fontspec_strong_int=\count304
\l__fontspec_strongdef_int=\count305
\l__fontspec_tmpa_dim=\dimen157
\l__fontspec_tmpb_dim=\dimen158
\l__fontspec_tmpc_dim=\dimen159
(/Users/dq/Library/TinyTeX/texmf-dist/tex/latex/base/fontenc.sty
Package: fontenc 2025/07/18 v2.1d Standard LaTeX package
) (/Users/dq/Library/TinyTeX/texmf-dist/tex/latex/fontspec/fontspec.cfg))) (/Users/dq/Library/TinyTeX/texmf-dist/tex/latex/base/fix-cm.sty
Package: fix-cm 2020/11/24 v1.1t fixes to LaTeX
(/Users/dq/Library/TinyTeX/texmf-dist/tex/latex/base/ts1enc.def
File: ts1enc.def 2001/06/05 v3.0e (jk/car/fm) Standard LaTeX file
LaTeX Font Info:    Redeclaring font encoding TS1 on input line 47.
LaTeX Encoding Info:    Redeclaring text command \capitalcedilla (encoding TS1) on input line 49.
LaTeX Encoding Info:    Redeclaring text command \capitalogonek (encoding TS1) on input line 52.
LaTeX Encoding Info:    Redeclaring text command \capitalgrave (encoding TS1) on input line 55.
LaTeX Encoding Info:    Redeclaring text command \capitalacute (encoding TS1) on input line 56.
LaTeX Encoding Info:    Redeclaring text command \capitalcircumflex (encoding TS1) on input line 57.
LaTeX Encoding Info:    Redeclaring text command \capitaltilde (encoding TS1) on input line 58.
LaTeX Encoding Info:    Redeclaring text command \capitaldieresis (encoding TS1) on input line 59.
LaTeX Encoding Info:    Redeclaring text command \capitalhungarumlaut (encoding TS1) on input line 60.
LaTeX Encoding Info:    Redeclaring text command \capitalring (encoding TS1) on input line 61.
LaTeX Encoding Info:    Redeclaring text command \capitalcaron (encoding TS1) on input line 62.
LaTeX Encoding Info:    Redeclaring text command \capitalbreve (encoding TS1) on input line 63.
LaTeX Encoding Info:    Redeclaring text command \capitalmacron (encoding TS1) on input line 64.
LaTeX Encoding Info:    Redeclaring text command \capitaldotaccent (encoding TS1) on input line 65.
LaTeX Encoding Info:    Redeclaring text command \t (encoding TS1) on input line 66.
LaTeX Encoding Info:    Redeclaring text command \capitaltie (encoding TS1) on input line 67.
LaTeX Encoding Info:    Redeclaring text command \newtie (encoding TS1) on input line 68.
LaTeX Encoding Info:    Redeclaring text command \capitalnewtie (encoding TS1) on input line 69.
LaTeX Encoding Info:    Redeclaring text symbol \textcapitalcompwordmark (encoding TS1) on input line 70.
LaTeX Encoding Info:    Redeclaring text symbol \textascendercompwordmark (encoding TS1) on input line 71.
LaTeX Encoding Info:    Redeclaring text symbol \textquotestraightbase (encoding TS1) on input line 72.
LaTeX Encoding Info:    Redeclaring text symbol \textquotestraightdblbase (encoding TS1) on input line 73.
LaTeX Encoding Info:    Redeclaring text symbol \texttwelveudash (encoding TS1) on input line 74.
LaTeX Encoding Info:    Redeclaring text symbol \textthreequartersemdash (encoding TS1) on input line 75.
LaTeX Encoding Info:    Redeclaring text symbol \textleftarrow (encoding TS1) on input line 76.
LaTeX Encoding Info:    Redeclaring text symbol \textrightarrow (encoding TS1) on input line 77.
LaTeX Encoding Info:    Redeclaring text symbol \textblank (encoding TS1) on input line 78.
LaTeX Encoding Info:    Redeclaring text symbol \textdollar (encoding TS1) on input line 79.
LaTeX Encoding Info:    Redeclaring text symbol \textquotesingle (encoding TS1) on input line 80.
LaTeX Encoding Info:    Redeclaring text command \textasteriskcentered (encoding TS1) on input line 81.
LaTeX Encoding Info:    Redeclaring text symbol \textdblhyphen (encoding TS1) on input line 92.
LaTeX Encoding Info:    Redeclaring text symbol \textfractionsolidus (encoding TS1) on input line 93.
LaTeX Encoding Info:    Redeclaring text symbol \textzerooldstyle (encoding TS1) on input line 94.
LaTeX Encoding Info:    Redeclaring text symbol \textoneoldstyle (encoding TS1) on input line 95.
LaTeX Encoding Info:    Redeclaring text symbol \texttwooldstyle (encoding TS1) on input line 96.
LaTeX Encoding Info:    Redeclaring text symbol \textthreeoldstyle (encoding TS1) on input line 97.
LaTeX Encoding Info:    Redeclaring text symbol \textfouroldstyle (encoding TS1) on input line 98.
LaTeX Encoding Info:    Redeclaring text symbol \textfiveoldstyle (encoding TS1) on input line 99.
LaTeX Encoding Info:    Redeclaring text symbol \textsixoldstyle (encoding TS1) on input line 100.
LaTeX Encoding Info:    Redeclaring text symbol \textsevenoldstyle (encoding TS1) on input line 101.
LaTeX Encoding Info:    Redeclaring text symbol \texteightoldstyle (encoding TS1) on input line 102.
LaTeX Encoding Info:    Redeclaring text symbol \textnineoldstyle (encoding TS1) on input line 103.
LaTeX Encoding Info:    Redeclaring text symbol \textlangle (encoding TS1) on input line 104.
LaTeX Encoding Info:    Redeclaring text symbol \textminus (encoding TS1) on input line 105.
LaTeX Encoding Info:    Redeclaring text symbol \textrangle (encoding TS1) on input line 106.
LaTeX Encoding Info:    Redeclaring text symbol \textmho (encoding TS1) on input line 107.
LaTeX Encoding Info:    Redeclaring text symbol \textbigcircle (encoding TS1) on input line 108.
LaTeX Encoding Info:    Redeclaring text command \textcircled (encoding TS1) on input line 109.
LaTeX Encoding Info:    Redeclaring text symbol \textohm (encoding TS1) on input line 115.
LaTeX Encoding Info:    Redeclaring text symbol \textlbrackdbl (encoding TS1) on input line 116.
LaTeX Encoding Info:    Redeclaring text symbol \textrbrackdbl (encoding TS1) on input line 117.
LaTeX Encoding Info:    Redeclaring text symbol \textuparrow (encoding TS1) on input line 118.
LaTeX Encoding Info:    Redeclaring text symbol \textdownarrow (encoding TS1) on input line 119.
LaTeX Encoding Info:    Redeclaring text symbol \textasciigrave (encoding TS1) on input line 120.
LaTeX Encoding Info:    Redeclaring text symbol \textborn (encoding TS1) on input line 121.
LaTeX Encoding Info:    Redeclaring text symbol \textdivorced (encoding TS1) on input line 122.
LaTeX Encoding Info:    Redeclaring text symbol \textdied (encoding TS1) on input line 123.
LaTeX Encoding Info:    Redeclaring text symbol \textleaf (encoding TS1) on input line 124.
LaTeX Encoding Info:    Redeclaring text symbol \textmarried (encoding TS1) on input line 125.
LaTeX Encoding Info:    Redeclaring text symbol \textmusicalnote (encoding TS1) on input line 126.
LaTeX Encoding Info:    Redeclaring text symbol \texttildelow (encoding TS1) on input line 127.
LaTeX Encoding Info:    Redeclaring text symbol \textdblhyphenchar (encoding TS1) on input line 128.
LaTeX Encoding Info:    Redeclaring text symbol \textasciibreve (encoding TS1) on input line 129.
LaTeX Encoding Info:    Redeclaring text symbol \textasciicaron (encoding TS1) on input line 130.
LaTeX Encoding Info:    Redeclaring text symbol \textacutedbl (encoding TS1) on input line 131.
LaTeX Encoding Info:    Redeclaring text symbol \textgravedbl (encoding TS1) on input line 132.
LaTeX Encoding Info:    Redeclaring text symbol \textdagger (encoding TS1) on input line 133.
LaTeX Encoding Info:    Redeclaring text symbol \textdaggerdbl (encoding TS1) on input line 134.
LaTeX Encoding Info:    Redeclaring text symbol \textbardbl (encoding TS1) on input line 135.
LaTeX Encoding Info:    Redeclaring text symbol \textperthousand (encoding TS1) on input line 136.
LaTeX Encoding Info:    Redeclaring text symbol \textbullet (encoding TS1) on input line 137.
LaTeX Encoding Info:    Redeclaring text symbol \textcelsius (encoding TS1) on input line 138.
LaTeX Encoding Info:    Redeclaring text symbol \textdollaroldstyle (encoding TS1) on input line 139.
LaTeX Encoding Info:    Redeclaring text symbol \textcentoldstyle (encoding TS1) on input line 140.
LaTeX Encoding Info:    Redeclaring text symbol \textflorin (encoding TS1) on input line 141.
LaTeX Encoding Info:    Redeclaring text symbol \textcolonmonetary (encoding TS1) on input line 142.
LaTeX Encoding Info:    Redeclaring text symbol \textwon (encoding TS1) on input line 143.
LaTeX Encoding Info:    Redeclaring text symbol \textnaira (encoding TS1) on input line 144.
LaTeX Encoding Info:    Redeclaring text symbol \textguarani (encoding TS1) on input line 145.
LaTeX Encoding Info:    Redeclaring text symbol \textpeso (encoding TS1) on input line 146.
LaTeX Encoding Info:    Redeclaring text symbol \textlira (encoding TS1) on input line 147.
LaTeX Encoding Info:    Redeclaring text symbol \textrecipe (encoding TS1) on input line 148.
LaTeX Encoding Info:    Redeclaring text symbol \textinterrobang (encoding TS1) on input line 149.
LaTeX Encoding Info:    Redeclaring text symbol \textinterrobangdown (encoding TS1) on input line 150.
LaTeX Encoding Info:    Redeclaring text symbol \textdong (encoding TS1) on input line 151.
LaTeX Encoding Info:    Redeclaring text symbol \texttrademark (encoding TS1) on input line 152.
LaTeX Encoding Info:    Redeclaring text symbol \textpertenthousand (encoding TS1) on input line 153.
LaTeX Encoding Info:    Redeclaring text symbol \textpilcrow (encoding TS1) on input line 154.
LaTeX Encoding Info:    Redeclaring text symbol \textbaht (encoding TS1) on input line 155.
LaTeX Encoding Info:    Redeclaring text symbol \textnumero (encoding TS1) on input line 156.
LaTeX Encoding Info:    Redeclaring text symbol \textdiscount (encoding TS1) on input line 157.
LaTeX Encoding Info:    Redeclaring text symbol \textestimated (encoding TS1) on input line 158.
LaTeX Encoding Info:    Redeclaring text symbol \textopenbullet (encoding TS1) on input line 159.
LaTeX Encoding Info:    Redeclaring text symbol \textservicemark (encoding TS1) on input line 160.
LaTeX Encoding Info:    Redeclaring text symbol \textlquill (encoding TS1) on input line 161.
LaTeX Encoding Info:    Redeclaring text symbol \textrquill (encoding TS1) on input line 162.
LaTeX Encoding Info:    Redeclaring text symbol \textcent (encoding TS1) on input line 163.
LaTeX Encoding Info:    Redeclaring text symbol \textsterling (encoding TS1) on input line 164.
LaTeX Encoding Info:    Redeclaring text symbol \textcurrency (encoding TS1) on input line 165.
LaTeX Encoding Info:    Redeclaring text symbol \textyen (encoding TS1) on input line 166.
LaTeX Encoding Info:    Redeclaring text symbol \textbrokenbar (encoding TS1) on input line 167.
LaTeX Encoding Info:    Redeclaring text symbol \textsection (encoding TS1) on input line 168.
LaTeX Encoding Info:    Redeclaring text symbol \textasciidieresis (encoding TS1) on input line 169.
LaTeX Encoding Info:    Redeclaring text symbol \textcopyright (encoding TS1) on input line 170.
LaTeX Encoding Info:    Redeclaring text symbol \textordfeminine (encoding TS1) on input line 171.
LaTeX Encoding Info:    Redeclaring text symbol \textcopyleft (encoding TS1) on input line 172.
LaTeX Encoding Info:    Redeclaring text symbol \textlnot (encoding TS1) on input line 173.
LaTeX Encoding Info:    Redeclaring text symbol \textcircledP (encoding TS1) on input line 174.
LaTeX Encoding Info:    Redeclaring text symbol \textregistered (encoding TS1) on input line 175.
LaTeX Encoding Info:    Redeclaring text symbol \textasciimacron (encoding TS1) on input line 176.
LaTeX Encoding Info:    Redeclaring text symbol \textdegree (encoding TS1) on input line 177.
LaTeX Encoding Info:    Redeclaring text symbol \textpm (encoding TS1) on input line 178.
LaTeX Encoding Info:    Redeclaring text symbol \texttwosuperior (encoding TS1) on input line 179.
LaTeX Encoding Info:    Redeclaring text symbol \textthreesuperior (encoding TS1) on input line 180.
LaTeX Encoding Info:    Redeclaring text symbol \textasciiacute (encoding TS1) on input line 181.
LaTeX Encoding Info:    Redeclaring text symbol \textmu (encoding TS1) on input line 182.
LaTeX Encoding Info:    Redeclaring text symbol \textparagraph (encoding TS1) on input line 183.
LaTeX Encoding Info:    Redeclaring text symbol \textperiodcentered (encoding TS1) on input line 184.
LaTeX Encoding Info:    Redeclaring text symbol \textreferencemark (encoding TS1) on input line 185.
LaTeX Encoding Info:    Redeclaring text symbol \textonesuperior (encoding TS1) on input line 186.
LaTeX Encoding Info:    Redeclaring text symbol \textordmasculine (encoding TS1) on input line 187.
LaTeX Encoding Info:    Redeclaring text symbol \textsurd (encoding TS1) on input line 188.
LaTeX Encoding Info:    Redeclaring text symbol \textonequarter (encoding TS1) on input line 189.
LaTeX Encoding Info:    Redeclaring text symbol \textonehalf (encoding TS1) on input line 190.
LaTeX Encoding Info:    Redeclaring text symbol \textthreequarters (encoding TS1) on input line 191.
LaTeX Encoding Info:    Redeclaring text symbol \texteuro (encoding TS1) on input line 192.
LaTeX Encoding Info:    Redeclaring text symbol \texttimes (encoding TS1) on input line 193.
LaTeX Encoding Info:    Redeclaring text symbol \textdiv (encoding TS1) on input line 194.
)) (/Users/dq/Library/TinyTeX/texmf-dist/tex/lualatex/lualatex-math/lualatex-math.sty
Package: lualatex-math 2022/01/01 v1.12 Patches for mathematics typesetting with LuaLaTeX
(/Users/dq/Library/TinyTeX/texmf-dist/tex/latex/etoolbox/etoolbox.sty
Package: etoolbox 2025/10/02 v2.5m e-TeX tools for LaTeX (JAW)
\etb@tempcnta=\count306
)
Lua module: lualatex-math 2013/08/03 v1.3 Patches for mathematics typesetting with LuaLaTeX)
\g__um_fam_int=\count307
\g__um_fonts_used_int=\count308
\l__um_primecount_int=\count309
\g__um_primekern_muskip=\muskip18
(/Users/dq/Library/TinyTeX/texmf-dist/tex/latex/unicode-math/unicode-math-table.tex))) (/Users/dq/Library/TinyTeX/texmf-dist/tex/latex/lm/lmodern.sty
Package: lmodern 2015/05/01 v1.6.1 Latin Modern Fonts
LaTeX Font Info:    Overwriting symbol font `operators' in version `normal'
(Font)                  OT1/cmr/m/n --> OT1/lmr/m/n on input line 22.
LaTeX Font Info:    Overwriting symbol font `letters' in version `normal'
(Font)                  OML/cmm/m/it --> OML/lmm/m/it on input line 23.
LaTeX Font Info:    Overwriting symbol font `symbols' in version `normal'
(Font)                  OMS/cmsy/m/n --> OMS/lmsy/m/n on input line 24.
LaTeX Font Info:    Overwriting symbol font `largesymbols' in version `normal'
(Font)                  OMX/cmex/m/n --> OMX/lmex/m/n on input line 25.
LaTeX Font Info:    Overwriting symbol font `operators' in version `bold'
(Font)                  OT1/cmr/bx/n --> OT1/lmr/bx/n on input line 26.
LaTeX Font Info:    Overwriting symbol font `letters' in version `bold'
(Font)                  OML/cmm/b/it --> OML/lmm/b/it on input line 27.
LaTeX Font Info:    Overwriting symbol font `symbols' in version `bold'
(Font)                  OMS/cmsy/b/n --> OMS/lmsy/b/n on input line 28.
LaTeX Font Info:    Overwriting symbol font `largesymbols' in version `bold'
(Font)                  OMX/cmex/m/n --> OMX/lmex/m/n on input line 29.
LaTeX Font Info:    Overwriting math alphabet `\mathbf' in version `normal'
(Font)                  OT1/cmr/bx/n --> OT1/lmr/bx/n on input line 31.
LaTeX Font Info:    Overwriting math alphabet `\mathsf' in version `normal'
(Font)                  OT1/cmss/m/n --> OT1/lmss/m/n on input line 32.
LaTeX Font Info:    Overwriting math alphabet `\mathit' in version `normal'
(Font)                  OT1/cmr/m/it --> OT1/lmr/m/it on input line 33.
LaTeX Font Info:    Overwriting math alphabet `\mathtt' in version `normal'
(Font)                  OT1/cmtt/m/n --> OT1/lmtt/m/n on input line 34.
LaTeX Font Info:    Overwriting math alphabet `\mathbf' in version `bold'
(Font)                  OT1/cmr/bx/n --> OT1/lmr/bx/n on input line 35.
LaTeX Font Info:    Overwriting math alphabet `\mathsf' in version `bold'
(Font)                  OT1/cmss/bx/n --> OT1/lmss/bx/n on input line 36.
LaTeX Font Info:    Overwriting math alphabet `\mathit' in version `bold'
(Font)                  OT1/cmr/bx/it --> OT1/lmr/bx/it on input line 37.
LaTeX Font Info:    Overwriting math alphabet `\mathtt' in version `bold'
(Font)                  OT1/cmtt/m/n --> OT1/lmtt/m/n on input line 38.
) (/Users/dq/Library/TinyTeX/texmf-dist/tex/latex/upquote/upquote.sty
Package: upquote 2012/04/19 v1.3 upright-quote and grave-accent glyphs in verbatim
(/Users/dq/Library/TinyTeX/texmf-dist/tex/latex/base/textcomp.sty
Package: textcomp 2024/04/24 v2.1b Standard LaTeX package
)) (/Users/dq/Library/TinyTeX/texmf-dist/tex/latex/microtype/microtype.sty
Package: microtype 2026/03/01 v3.2d Micro-typographical refinements (RS)
(/Users/dq/Library/TinyTeX/texmf-dist/tex/latex/graphics/keyval.sty
Package: keyval 2022/05/29 v1.15 key=value parser (DPC)
\KV@toks@=\toks22
)
\MT@toks=\toks23
\MT@tempbox=\box55
\MT@count=\count310
LaTeX Info: Redefining \noprotrusionifhmode on input line 1084.
LaTeX Info: Redefining \leftprotrusion on input line 1085.
\MT@prot@toks=\toks24
LaTeX Info: Redefining \rightprotrusion on input line 1104.
LaTeX Info: Redefining \textls on input line 1449.
\MT@outer@kern=\dimen160
LaTeX Info: Redefining \microtypecontext on input line 2053.
LaTeX Info: Redefining \textmicrotypecontext on input line 2070.
\MT@listname@count=\count311
(/Users/dq/Library/TinyTeX/texmf-dist/tex/latex/microtype/microtype-luatex.def
File: microtype-luatex.def 2026/03/01 v3.2d Definitions specific to luatex (RS)
Lua module: microtype 2026/03/01 v3.2d microtype module.
Module microtype Info: overwriting function `keepligature' on input line 63
LaTeX Info: Redefining \lsstyle on input line 779.
LaTeX Info: Redefining \lslig on input line 779.
\MT@outer@space=\skip54
)
Package microtype Info: Loading configuration file microtype.cfg.
(/Users/dq/Library/TinyTeX/texmf-dist/tex/latex/microtype/microtype.cfg
File: microtype.cfg 2026/03/01 v3.2d microtype main configuration file (RS)
)
LaTeX Info: Redefining \microtypesetup on input line 3065.
) (/Users/dq/Library/TinyTeX/texmf-dist/tex/latex/parskip/parskip.sty
Package: parskip 2021-03-14 v2.0h non-zero parskip adjustments
(/Users/dq/Library/TinyTeX/texmf-dist/tex/latex/kvoptions/kvoptions.sty
Package: kvoptions 2022-06-15 v3.15 Key value format for package options (HO)
(/Users/dq/Library/TinyTeX/texmf-dist/tex/generic/ltxcmds/ltxcmds.sty
Package: ltxcmds 2023-12-04 v1.26 LaTeX kernel commands for general use (HO)
) (/Users/dq/Library/TinyTeX/texmf-dist/tex/latex/kvsetkeys/kvsetkeys.sty
Package: kvsetkeys 2022-10-05 v1.19 Key value parser (HO)
))) (/Users/dq/Library/TinyTeX/texmf-dist/tex/latex/tools/longtable.sty
Package: longtable 2025-10-13 v4.24 Multi-page Table package (DPC)
\LTleft=\skip55
\LTright=\skip56
\LTpre=\skip57
\LTpost=\skip58
\LTchunksize=\count312
\LTcapwidth=\dimen161
\LT@head=\box56
\LT@firsthead=\box57
\LT@foot=\box58
\LT@lastfoot=\box59
\LT@gbox=\box60
\LT@cols=\count313
\LT@rows=\count314
\c@LT@tables=\count315
\c@LT@chunks=\count316
\LT@p@ftn=\toks25
) (/Users/dq/Library/TinyTeX/texmf-dist/tex/latex/booktabs/booktabs.sty
Package: booktabs 2020/01/12 v1.61803398 Publication quality tables
\heavyrulewidth=\dimen162
\lightrulewidth=\dimen163
\cmidrulewidth=\dimen164
\belowrulesep=\dimen165
\belowbottomsep=\dimen166
\aboverulesep=\dimen167
\abovetopsep=\dimen168
\cmidrulesep=\dimen169
\cmidrulekern=\dimen170
\defaultaddspace=\dimen171
\@cmidla=\count317
\@cmidlb=\count318
\@aboverulesep=\dimen172
\@belowrulesep=\dimen173
\@thisruleclass=\count319
\@lastruleclass=\count320
\@thisrulewidth=\dimen174
) (/Users/dq/Library/TinyTeX/texmf-dist/tex/latex/tools/array.sty
Package: array 2025/09/25 v2.6n Tabular extension package (FMi)
\col@sep=\dimen175
\ar@mcellbox=\box61
\extrarowheight=\dimen176
\NC@list=\toks26
\extratabsurround=\skip59
\backup@length=\skip60
\ar@cellbox=\box62
) (/Users/dq/Library/TinyTeX/texmf-dist/tex/latex/tools/calc.sty
Package: calc 2025/03/01 v4.3b Infix arithmetic (KKT,FJ)
\calc@Acount=\count321
\calc@Bcount=\count322
\calc@Adimen=\dimen177
\calc@Bdimen=\dimen178
\calc@Askip=\skip61
\calc@Bskip=\skip62
LaTeX Info: Redefining \setlength on input line 86.
LaTeX Info: Redefining \addtolength on input line 87.
\calc@Ccount=\count323
\calc@Cskip=\skip63
) (/Users/dq/Library/TinyTeX/texmf-dist/tex/latex/mdwtools/footnote.sty
Package: footnote 1997/01/28 1.13 Save footnotes around boxes
\fn@notes=\box63
\fn@width=\dimen179
) (/Users/dq/Library/TinyTeX/texmf-dist/tex/latex/graphics/graphicx.sty
Package: graphicx 2024/12/31 v1.2e Enhanced LaTeX Graphics (DPC,SPQR)
(/Users/dq/Library/TinyTeX/texmf-dist/tex/latex/graphics/graphics.sty
Package: graphics 2024/08/06 v1.4g Standard LaTeX Graphics (DPC,SPQR)
(/Users/dq/Library/TinyTeX/texmf-dist/tex/latex/graphics/trig.sty
Package: trig 2023/12/02 v1.11 sin cos tan (DPC)
) (/Users/dq/Library/TinyTeX/texmf-dist/tex/latex/graphics-cfg/graphics.cfg
File: graphics.cfg 2016/06/04 v1.11 sample graphics configuration
)
Package graphics Info: Driver file: luatex.def on input line 106.
)
\Gin@req@height=\dimen180
\Gin@req@width=\dimen181
)
\pandoc@box=\box64
\cslhangindent=\skip64
\csllabelwidth=\skip65
(/Users/dq/Library/TinyTeX/texmf-dist/tex/generic/babel/babel.sty
Package: babel 2026/03/24 v26.5 The multilingual framework for LuaLaTeX, pdfLaTeX and XeLaTeX
(/Users/dq/Library/TinyTeX/texmf-dist/tex/generic/babel/luababel.def
\bbl@readstream=\read2
\l@dumylang=\language2
Package babel Info: Non-standard hyphenation setup on input line 118.
\l@nohyphenation=\language3
\l@ukenglish=\language4
\l@usenglishmax=\language5
\l@french=\language6
\babelcatcodetablenum=\catcodetable14
\bbl@pattcodes=\catcodetable15
)
\babel@savecnt=\count324
LaTeX Encoding Info:    Redeclaring text command \ij (encoding OT1) on input line 2078.
LaTeX Encoding Info:    Redeclaring text command \IJ (encoding OT1) on input line 2080.
LaTeX Encoding Info:    Redeclaring text command \ij (encoding T1) on input line 2082.
LaTeX Encoding Info:    Redeclaring text command \IJ (encoding T1) on input line 2083.
LaTeX Encoding Info:    Ignoring declaration for text command \ij (encoding ?) on input line 2084.
LaTeX Encoding Info:    Ignoring declaration for text command \IJ (encoding ?) on input line 2086.
LaTeX Encoding Info:    Ignoring declaration for text command \SS (encoding ?) on input line 2111.
\U@D=\dimen182
\l@unhyphenated=\language7
(/Users/dq/Library/TinyTeX/texmf-dist/tex/generic/babel/luababel.def
\bbl@attr@locale=\attribute4
(/Users/dq/Library/TinyTeX/texmf-dist/tex/luatex/luatexbase/luatexbase.sty
Package: luatexbase 2015/10/04 v1.3 luatexbase interface to LuaTeX 
(/Users/dq/Library/TinyTeX/texmf-dist/tex/luatex/ctablestack/ctablestack.sty
Package: ctablestack 2015/10/01 v1.0 Catcode table stable support
\@catcodetablestackcnt=\count325
)
\CatcodeTableOther=\catcodetable16
\CatcodeTableExpl=\catcodetable17
)
Removing  `luaotfload.node_processor' from `pre_linebreak_filter'.
Inserting `Babel.pre_otfload_v' in `pre_linebreak_filter'.
Inserting `luaotfload.node_processor' in `pre_linebreak_filter'.
Removing  `luaotfload.node_processor' from `hpack_filter'.
Removing  `luaotfload.harf.finalize_hlist' from `hpack_filter'.
Inserting `Babel.pre_otfload_h' in `hpack_filter'.
Inserting `luaotfload.node_processor' in `hpack_filter'.
Inserting `luaotfload.harf.finalize_hlist' in `hpack_filter'.
\bbl@attr@dir=\attribute5
) (/Users/dq/Library/TinyTeX/texmf-dist/tex/generic/babel/locale/en/babel-english.tex)
Package babel Info: Importing font and identification data for english
(babel)             from babel-en.ini. Reported on input line 4330.
(/Users/dq/Library/TinyTeX/texmf-dist/tex/generic/babel-english/english.ldf
Language: english 2017/06/06 v3.3r English support from the babel system
Package babel Info: Hyphen rules for 'canadian' set to \l@english
(babel)             (\language0). Reported on input line 102.
Package babel Info: Hyphen rules for 'australian' set to \l@ukenglish
(babel)             (\language4). Reported on input line 105.
Package babel Info: Hyphen rules for 'newzealand' set to \l@ukenglish
(babel)             (\language4). Reported on input line 108.
)) (/Users/dq/Library/TinyTeX/texmf-dist/tex/lualatex/selnolig/selnolig.sty
=== Package selnolig, Version 0.302, Date 2015/10/26 ===
Package: selnolig 2015/10/26
(/Users/dq/Library/TinyTeX/texmf-dist/tex/generic/iftex/ifluatex.sty
Package: ifluatex 2019/10/25 v1.5 ifluatex legacy package. Use iftex instead.
)
Inserting `Suppress ligatures selectively' in `ligaturing'. (/Users/dq/Library/TinyTeX/texmf-dist/tex/lualatex/selnolig/selnolig-english-patterns.sty
Package: selnolig-english-patterns 2015/10/26
) (/Users/dq/Library/TinyTeX/texmf-dist/tex/lualatex/selnolig/selnolig-english-hyphex.sty
Package: selnolig-english-hyphex 2015/10/26
)) (/Users/dq/Library/TinyTeX/texmf-dist/tex/latex/tcolorbox/tcolorbox.sty
Package: tcolorbox 2025/11/28 version 6.9.0 text color boxes
(/Users/dq/Library/TinyTeX/texmf-dist/tex/latex/pgf/frontendlayer/tikz.sty (/Users/dq/Library/TinyTeX/texmf-dist/tex/latex/pgf/basiclayer/pgf.sty (/Users/dq/Library/TinyTeX/texmf-dist/tex/latex/pgf/utilities/pgfrcs.sty (/Users/dq/Library/TinyTeX/texmf-dist/tex/generic/pgf/utilities/pgfutil-common.tex
\pgfutil@everybye=\toks27
\pgfutil@tempdima=\dimen183
\pgfutil@tempdimb=\dimen184
) (/Users/dq/Library/TinyTeX/texmf-dist/tex/generic/pgf/utilities/pgfutil-latex.def
\pgfutil@abb=\box65
) (/Users/dq/Library/TinyTeX/texmf-dist/tex/generic/pgf/utilities/pgfrcs.code.tex (/Users/dq/Library/TinyTeX/texmf-dist/tex/generic/pgf/pgf.revision.tex)
Package: pgfrcs 2025-08-29 v3.1.11a (3.1.11a)
))
Package: pgf 2025-08-29 v3.1.11a (3.1.11a)
(/Users/dq/Library/TinyTeX/texmf-dist/tex/latex/pgf/basiclayer/pgfcore.sty (/Users/dq/Library/TinyTeX/texmf-dist/tex/latex/pgf/systemlayer/pgfsys.sty (/Users/dq/Library/TinyTeX/texmf-dist/tex/generic/pgf/systemlayer/pgfsys.code.tex
Package: pgfsys 2025-08-29 v3.1.11a (3.1.11a)
(/Users/dq/Library/TinyTeX/texmf-dist/tex/generic/pgf/utilities/pgfkeys.code.tex
\pgfkeys@pathtoks=\toks28
\pgfkeys@temptoks=\toks29
(/Users/dq/Library/TinyTeX/texmf-dist/tex/generic/pgf/utilities/pgfkeyslibraryfiltered.code.tex
\pgfkeys@tmptoks=\toks30
))
\pgf@x=\dimen185
\pgf@y=\dimen186
\pgf@xa=\dimen187
\pgf@ya=\dimen188
\pgf@xb=\dimen189
\pgf@yb=\dimen190
\pgf@xc=\dimen191
\pgf@yc=\dimen192
\pgf@xd=\dimen193
\pgf@yd=\dimen194
\w@pgf@writea=\write3
\r@pgf@reada=\read3
\c@pgf@counta=\count326
\c@pgf@countb=\count327
\c@pgf@countc=\count328
\c@pgf@countd=\count329
\t@pgf@toka=\toks31
\t@pgf@tokb=\toks32
\t@pgf@tokc=\toks33
\pgf@sys@id@count=\count330
(/Users/dq/Library/TinyTeX/texmf-dist/tex/generic/pgf/systemlayer/pgf.cfg
File: pgf.cfg 2025-08-29 v3.1.11a (3.1.11a)
)
Driver file for pgf: pgfsys-luatex.def
(/Users/dq/Library/TinyTeX/texmf-dist/tex/generic/pgf/systemlayer/pgfsys-luatex.def
File: pgfsys-luatex.def 2025-08-29 v3.1.11a (3.1.11a)
(/Users/dq/Library/TinyTeX/texmf-dist/tex/generic/pgf/systemlayer/pgfsys-common-pdf.def
File: pgfsys-common-pdf.def 2025-08-29 v3.1.11a (3.1.11a)
))) (/Users/dq/Library/TinyTeX/texmf-dist/tex/generic/pgf/systemlayer/pgfsyssoftpath.code.tex
File: pgfsyssoftpath.code.tex 2025-08-29 v3.1.11a (3.1.11a)
\pgfsyssoftpath@smallbuffer@items=\count331
\pgfsyssoftpath@bigbuffer@items=\count332
) (/Users/dq/Library/TinyTeX/texmf-dist/tex/generic/pgf/systemlayer/pgfsysprotocol.code.tex
File: pgfsysprotocol.code.tex 2025-08-29 v3.1.11a (3.1.11a)
)) (/Users/dq/Library/TinyTeX/texmf-dist/tex/generic/pgf/basiclayer/pgfcore.code.tex
Package: pgfcore 2025-08-29 v3.1.11a (3.1.11a)
(/Users/dq/Library/TinyTeX/texmf-dist/tex/generic/pgf/math/pgfmath.code.tex (/Users/dq/Library/TinyTeX/texmf-dist/tex/generic/pgf/math/pgfmathutil.code.tex) (/Users/dq/Library/TinyTeX/texmf-dist/tex/generic/pgf/math/pgfmathparser.code.tex
\pgfmath@dimen=\dimen195
\pgfmath@count=\count333
\pgfmath@box=\box66
\pgfmath@toks=\toks34
\pgfmath@stack@operand=\toks35
\pgfmath@stack@operation=\toks36
) (/Users/dq/Library/TinyTeX/texmf-dist/tex/generic/pgf/math/pgfmathfunctions.code.tex) (/Users/dq/Library/TinyTeX/texmf-dist/tex/generic/pgf/math/pgfmathfunctions.basic.code.tex) (/Users/dq/Library/TinyTeX/texmf-dist/tex/generic/pgf/math/pgfmathfunctions.trigonometric.code.tex) (/Users/dq/Library/TinyTeX/texmf-dist/tex/generic/pgf/math/pgfmathfunctions.random.code.tex) (/Users/dq/Library/TinyTeX/texmf-dist/tex/generic/pgf/math/pgfmathfunctions.comparison.code.tex) (/Users/dq/Library/TinyTeX/texmf-dist/tex/generic/pgf/math/pgfmathfunctions.base.code.tex) (/Users/dq/Library/TinyTeX/texmf-dist/tex/generic/pgf/math/pgfmathfunctions.round.code.tex) (/Users/dq/Library/TinyTeX/texmf-dist/tex/generic/pgf/math/pgfmathfunctions.misc.code.tex) (/Users/dq/Library/TinyTeX/texmf-dist/tex/generic/pgf/math/pgfmathfunctions.integerarithmetics.code.tex) (/Users/dq/Library/TinyTeX/texmf-dist/tex/generic/pgf/math/pgfmathcalc.code.tex) (/Users/dq/Library/TinyTeX/texmf-dist/tex/generic/pgf/math/pgfmathfloat.code.tex
\c@pgfmathroundto@lastzeros=\count334
)) (/Users/dq/Library/TinyTeX/texmf-dist/tex/generic/pgf/math/pgfint.code.tex) (/Users/dq/Library/TinyTeX/texmf-dist/tex/generic/pgf/basiclayer/pgfcorepoints.code.tex
File: pgfcorepoints.code.tex 2025-08-29 v3.1.11a (3.1.11a)
\pgf@picminx=\dimen196
\pgf@picmaxx=\dimen197
\pgf@picminy=\dimen198
\pgf@picmaxy=\dimen199
\pgf@pathminx=\dimen256
\pgf@pathmaxx=\dimen257
\pgf@pathminy=\dimen258
\pgf@pathmaxy=\dimen259
\pgf@xx=\dimen260
\pgf@xy=\dimen261
\pgf@yx=\dimen262
\pgf@yy=\dimen263
\pgf@zx=\dimen264
\pgf@zy=\dimen265
) (/Users/dq/Library/TinyTeX/texmf-dist/tex/generic/pgf/basiclayer/pgfcorepathconstruct.code.tex
File: pgfcorepathconstruct.code.tex 2025-08-29 v3.1.11a (3.1.11a)
\pgf@path@lastx=\dimen266
\pgf@path@lasty=\dimen267
) (/Users/dq/Library/TinyTeX/texmf-dist/tex/generic/pgf/basiclayer/pgfcorepathusage.code.tex
File: pgfcorepathusage.code.tex 2025-08-29 v3.1.11a (3.1.11a)
\pgf@shorten@end@additional=\dimen268
\pgf@shorten@start@additional=\dimen269
) (/Users/dq/Library/TinyTeX/texmf-dist/tex/generic/pgf/basiclayer/pgfcorescopes.code.tex
File: pgfcorescopes.code.tex 2025-08-29 v3.1.11a (3.1.11a)
\pgfpic=\box67
\pgf@hbox=\box68
\pgf@layerbox@main=\box69
\pgf@picture@serial@count=\count335
) (/Users/dq/Library/TinyTeX/texmf-dist/tex/generic/pgf/basiclayer/pgfcoregraphicstate.code.tex
File: pgfcoregraphicstate.code.tex 2025-08-29 v3.1.11a (3.1.11a)
\pgflinewidth=\dimen270
) (/Users/dq/Library/TinyTeX/texmf-dist/tex/generic/pgf/basiclayer/pgfcoretransformations.code.tex
File: pgfcoretransformations.code.tex 2025-08-29 v3.1.11a (3.1.11a)
\pgf@pt@x=\dimen271
\pgf@pt@y=\dimen272
\pgf@pt@temp=\dimen273
) (/Users/dq/Library/TinyTeX/texmf-dist/tex/generic/pgf/basiclayer/pgfcorequick.code.tex
File: pgfcorequick.code.tex 2025-08-29 v3.1.11a (3.1.11a)
) (/Users/dq/Library/TinyTeX/texmf-dist/tex/generic/pgf/basiclayer/pgfcoreobjects.code.tex
File: pgfcoreobjects.code.tex 2025-08-29 v3.1.11a (3.1.11a)
) (/Users/dq/Library/TinyTeX/texmf-dist/tex/generic/pgf/basiclayer/pgfcorepathprocessing.code.tex
File: pgfcorepathprocessing.code.tex 2025-08-29 v3.1.11a (3.1.11a)
) (/Users/dq/Library/TinyTeX/texmf-dist/tex/generic/pgf/basiclayer/pgfcorearrows.code.tex
File: pgfcorearrows.code.tex 2025-08-29 v3.1.11a (3.1.11a)
\pgfarrowsep=\dimen274
) (/Users/dq/Library/TinyTeX/texmf-dist/tex/generic/pgf/basiclayer/pgfcoreshade.code.tex
File: pgfcoreshade.code.tex 2025-08-29 v3.1.11a (3.1.11a)
\pgf@max=\dimen275
\pgf@sys@shading@range@num=\count336
\pgf@shadingcount=\count337
) (/Users/dq/Library/TinyTeX/texmf-dist/tex/generic/pgf/basiclayer/pgfcoreimage.code.tex
File: pgfcoreimage.code.tex 2025-08-29 v3.1.11a (3.1.11a)
) (/Users/dq/Library/TinyTeX/texmf-dist/tex/generic/pgf/basiclayer/pgfcoreexternal.code.tex
File: pgfcoreexternal.code.tex 2025-08-29 v3.1.11a (3.1.11a)
\pgfexternal@startupbox=\box70
) (/Users/dq/Library/TinyTeX/texmf-dist/tex/generic/pgf/basiclayer/pgfcorelayers.code.tex
File: pgfcorelayers.code.tex 2025-08-29 v3.1.11a (3.1.11a)
) (/Users/dq/Library/TinyTeX/texmf-dist/tex/generic/pgf/basiclayer/pgfcoretransparency.code.tex
File: pgfcoretransparency.code.tex 2025-08-29 v3.1.11a (3.1.11a)
) (/Users/dq/Library/TinyTeX/texmf-dist/tex/generic/pgf/basiclayer/pgfcorepatterns.code.tex
File: pgfcorepatterns.code.tex 2025-08-29 v3.1.11a (3.1.11a)
) (/Users/dq/Library/TinyTeX/texmf-dist/tex/generic/pgf/basiclayer/pgfcorerdf.code.tex
File: pgfcorerdf.code.tex 2025-08-29 v3.1.11a (3.1.11a)
))) (/Users/dq/Library/TinyTeX/texmf-dist/tex/generic/pgf/modules/pgfmoduleshapes.code.tex
File: pgfmoduleshapes.code.tex 2025-08-29 v3.1.11a (3.1.11a)
\pgfnodeparttextbox=\box71
) (/Users/dq/Library/TinyTeX/texmf-dist/tex/generic/pgf/modules/pgfmoduleplot.code.tex
File: pgfmoduleplot.code.tex 2025-08-29 v3.1.11a (3.1.11a)
) (/Users/dq/Library/TinyTeX/texmf-dist/tex/latex/pgf/compatibility/pgfcomp-version-0-65.sty
Package: pgfcomp-version-0-65 2025-08-29 v3.1.11a (3.1.11a)
\pgf@nodesepstart=\dimen276
\pgf@nodesepend=\dimen277
) (/Users/dq/Library/TinyTeX/texmf-dist/tex/latex/pgf/compatibility/pgfcomp-version-1-18.sty
Package: pgfcomp-version-1-18 2025-08-29 v3.1.11a (3.1.11a)
)) (/Users/dq/Library/TinyTeX/texmf-dist/tex/latex/pgf/utilities/pgffor.sty (/Users/dq/Library/TinyTeX/texmf-dist/tex/latex/pgf/utilities/pgfkeys.sty (/Users/dq/Library/TinyTeX/texmf-dist/tex/generic/pgf/utilities/pgfkeys.code.tex)) (/Users/dq/Library/TinyTeX/texmf-dist/tex/latex/pgf/math/pgfmath.sty (/Users/dq/Library/TinyTeX/texmf-dist/tex/generic/pgf/math/pgfmath.code.tex)) (/Users/dq/Library/TinyTeX/texmf-dist/tex/generic/pgf/utilities/pgffor.code.tex
Package: pgffor 2025-08-29 v3.1.11a (3.1.11a)
\pgffor@iter=\dimen278
\pgffor@skip=\dimen279
\pgffor@stack=\toks37
\pgffor@toks=\toks38
)) (/Users/dq/Library/TinyTeX/texmf-dist/tex/generic/pgf/frontendlayer/tikz/tikz.code.tex
Package: tikz 2025-08-29 v3.1.11a (3.1.11a)
(/Users/dq/Library/TinyTeX/texmf-dist/tex/generic/pgf/libraries/pgflibraryplothandlers.code.tex
File: pgflibraryplothandlers.code.tex 2025-08-29 v3.1.11a (3.1.11a)
\pgf@plot@mark@count=\count338
\pgfplotmarksize=\dimen280
)
\tikz@lastx=\dimen281
\tikz@lasty=\dimen282
\tikz@lastxsaved=\dimen283
\tikz@lastysaved=\dimen284
\tikz@lastmovetox=\dimen285
\tikz@lastmovetoy=\dimen286
\tikzleveldistance=\dimen287
\tikzsiblingdistance=\dimen288
\tikz@figbox=\box72
\tikz@figbox@bg=\box73
\tikz@tempbox=\box74
\tikz@tempbox@bg=\box75
\tikztreelevel=\count339
\tikznumberofchildren=\count340
\tikznumberofcurrentchild=\count341
\tikz@fig@count=\count342
(/Users/dq/Library/TinyTeX/texmf-dist/tex/generic/pgf/modules/pgfmodulematrix.code.tex
File: pgfmodulematrix.code.tex 2025-08-29 v3.1.11a (3.1.11a)
\pgfmatrixcurrentrow=\count343
\pgfmatrixcurrentcolumn=\count344
\pgf@matrix@numberofcolumns=\count345
)
\tikz@expandcount=\count346
(/Users/dq/Library/TinyTeX/texmf-dist/tex/generic/pgf/frontendlayer/tikz/libraries/tikzlibrarytopaths.code.tex
File: tikzlibrarytopaths.code.tex 2025-08-29 v3.1.11a (3.1.11a)
))) (/Users/dq/Library/TinyTeX/texmf-dist/tex/latex/tools/verbatim.sty
Package: verbatim 2024-01-22 v1.5x LaTeX2e package for verbatim enhancements
\every@verbatim=\toks39
\verbatim@line=\toks40
\verbatim@in@stream=\read4
) (/Users/dq/Library/TinyTeX/texmf-dist/tex/latex/environ/environ.sty
Package: environ 2014/05/04 v0.3 A new way to define environments
(/Users/dq/Library/TinyTeX/texmf-dist/tex/latex/trimspaces/trimspaces.sty
Package: trimspaces 2009/09/17 v1.1 Trim spaces around a token list
))
\tcb@titlebox=\box76
\tcb@upperbox=\box77
\tcb@lowerbox=\box78
\tcb@phantombox=\box79
\c@tcbbreakpart=\count347
\c@tcblayer=\count348
\c@tcolorbox@number=\count349
\l__tcobox_tmpa_box=\box80
\l__tcobox_tmpa_dim=\dimen289
\tcb@temp=\box81
\tcb@temp=\box82
\tcb@temp=\box83
\tcb@temp=\box84
(/Users/dq/Library/TinyTeX/texmf-dist/tex/latex/tcolorbox/tcbskins.code.tex
Library (tcolorbox): 'tcbskins.code.tex' version '6.9.0'
(/Users/dq/Library/TinyTeX/texmf-dist/tex/latex/tikzfill/tikzfill.image.sty
Package: tikzfill.image 2026/03/26 v1.1.0 Image filling library for TikZ
(/Users/dq/Library/TinyTeX/texmf-dist/tex/latex/tikzfill/tikzlibraryfill.image.code.tex
File: tikzlibraryfill.image.code.tex 2026/03/26 v1.1.0 Image filling library
\l__tikzfill_tmpa_dim=\dimen290
\l__tikzfill_tmpb_dim=\dimen291
\l__tikzfill_img_box=\box85
)) (/Users/dq/Library/TinyTeX/texmf-dist/tex/latex/tcolorbox/tcbskinsjigsaw.code.tex
Library (tcolorbox): 'tcbskinsjigsaw.code.tex' version '6.9.0'
)) (/Users/dq/Library/TinyTeX/texmf-dist/tex/latex/tcolorbox/tcbbreakable.code.tex
Library (tcolorbox): 'tcbbreakable.code.tex' version '6.9.0'
(/Users/dq/Library/TinyTeX/texmf-dist/tex/latex/pdfcol/pdfcol.sty
Package: pdfcol 2022-09-21 v1.7 Handle new color stacks for pdfTeX (HO)
(/Users/dq/Library/TinyTeX/texmf-dist/tex/generic/infwarerr/infwarerr.sty
Package: infwarerr 2019/12/03 v1.5 Providing info/warning/error messages (HO)
))
Package pdfcol Info: New color stack `tcb@breakable' = 1 on input line 23.
\tcb@testbox=\box86
\tcb@totalupperbox=\box87
\tcb@totallowerbox=\box88
)) (/Users/dq/Library/TinyTeX/texmf-dist/tex/latex/fontawesome5/fontawesome5.sty
Package: fontawesome5 2022/05/02 v5.15.4 Font Awesome 5
(/Users/dq/Library/TinyTeX/texmf-dist/tex/latex/fontawesome5/fontawesome5-utex-helper.sty
Package: fontawesome5-utex-helper 2022/05/02 v5.15.4 uTeX helper for fontawesome5
LaTeX Font Info:    Trying to load font information for TU+fontawesomefree on input line 69.
(/Users/dq/Library/TinyTeX/texmf-dist/tex/latex/fontawesome5/tufontawesomefree.fd)
LaTeX Font Info:    Trying to load font information for TU+fontawesomebrands on input line 70.
(/Users/dq/Library/TinyTeX/texmf-dist/tex/latex/fontawesome5/tufontawesomebrands.fd))) (/Users/dq/Library/TinyTeX/texmf-dist/tex/latex/bookmark/bookmark.sty
Package: bookmark 2023-12-10 v1.31 PDF bookmarks (HO)
(/Users/dq/Library/TinyTeX/texmf-dist/tex/latex/hyperref/hyperref.sty
Package: hyperref 2026-01-29 v7.01p Hypertext links for LaTeX
(/Users/dq/Library/TinyTeX/texmf-dist/tex/generic/kvdefinekeys/kvdefinekeys.sty
Package: kvdefinekeys 2019-12-19 v1.6 Define keys (HO)
) (/Users/dq/Library/TinyTeX/texmf-dist/tex/generic/pdfescape/pdfescape.sty
Package: pdfescape 2019/12/09 v1.15 Implements pdfTeX's escape features (HO)
(/Users/dq/Library/TinyTeX/texmf-dist/tex/generic/pdftexcmds/pdftexcmds.sty
Package: pdftexcmds 2020-06-27 v0.33 Utility functions of pdfTeX for LuaTeX (HO)
Package pdftexcmds Info: \pdf@primitive is available.
Package pdftexcmds Info: \pdf@ifprimitive is available.
Package pdftexcmds Info: \pdfdraftmode found.
\pdftexcmds@toks=\toks41
)) (/Users/dq/Library/TinyTeX/texmf-dist/tex/latex/hycolor/hycolor.sty
Package: hycolor 2020-01-27 v1.10 Color options for hyperref/bookmark (HO)
) (/Users/dq/Library/TinyTeX/texmf-dist/tex/latex/hyperref/nameref.sty
Package: nameref 2026-01-29 v2.58 Cross-referencing by name of section
(/Users/dq/Library/TinyTeX/texmf-dist/tex/latex/refcount/refcount.sty
Package: refcount 2019/12/15 v3.6 Data extraction from label references (HO)
) (/Users/dq/Library/TinyTeX/texmf-dist/tex/generic/gettitlestring/gettitlestring.sty
Package: gettitlestring 2019/12/15 v1.6 Cleanup title references (HO)
)
\c@section@level=\count350
) (/Users/dq/Library/TinyTeX/texmf-dist/tex/generic/stringenc/stringenc.sty
Package: stringenc 2019/11/29 v1.12 Convert strings between diff. encodings (HO)
)
\@linkdim=\dimen292
\Hy@linkcounter=\count351
\Hy@pagecounter=\count352
(/Users/dq/Library/TinyTeX/texmf-dist/tex/latex/hyperref/pd1enc.def
File: pd1enc.def 2026-01-29 v7.01p Hyperref: PDFDocEncoding definition (HO)
) (/Users/dq/Library/TinyTeX/texmf-dist/tex/generic/intcalc/intcalc.sty
Package: intcalc 2019/12/15 v1.3 Expandable calculations with integers (HO)
)
\Hy@SavedSpaceFactor=\count353
(/Users/dq/Library/TinyTeX/texmf-dist/tex/latex/hyperref/puenc.def
File: puenc.def 2026-01-29 v7.01p Hyperref: PDF Unicode definition (HO)
)
Package hyperref Info: Option `unicode' set `true' on input line 4072.
Package hyperref Info: Hyper figures OFF on input line 4201.
Package hyperref Info: Link nesting OFF on input line 4206.
Package hyperref Info: Hyper index ON on input line 4209.
Package hyperref Info: Plain pages OFF on input line 4216.
Package hyperref Info: Backreferencing OFF on input line 4221.
Package hyperref Info: Implicit mode ON; LaTeX internals redefined.
Package hyperref Info: Bookmarks ON on input line 4468.
\c@Hy@tempcnt=\count354
(/Users/dq/Library/TinyTeX/texmf-dist/tex/latex/url/url.sty
\Urlmuskip=\muskip19
Package: url 2013/09/16  ver 3.4  Verb mode for urls, etc.
)
LaTeX Info: Redefining \url on input line 4807.
\XeTeXLinkMargin=\dimen293
(/Users/dq/Library/TinyTeX/texmf-dist/tex/generic/bitset/bitset.sty
Package: bitset 2019/12/09 v1.3 Handle bit-vector datatype (HO)
(/Users/dq/Library/TinyTeX/texmf-dist/tex/generic/bigintcalc/bigintcalc.sty
Package: bigintcalc 2019/12/15 v1.5 Expandable calculations on big integers (HO)
))
\Fld@menulength=\count355
\Field@Width=\dimen294
\Fld@charsize=\dimen295
Package hyperref Info: Hyper figures OFF on input line 6084.
Package hyperref Info: Link nesting OFF on input line 6089.
Package hyperref Info: Hyper index ON on input line 6092.
Package hyperref Info: backreferencing OFF on input line 6099.
Package hyperref Info: Link coloring OFF on input line 6104.
Package hyperref Info: Link coloring with OCG OFF on input line 6109.
Package hyperref Info: PDF/A mode OFF on input line 6114.
\Hy@abspage=\count356
\c@Item=\count357
\c@Hfootnote=\count358
)
Package hyperref Info: Driver (autodetected): hluatex.
(/Users/dq/Library/TinyTeX/texmf-dist/tex/latex/hyperref/hluatex.def
File: hluatex.def 2026-01-29 v7.01p Hyperref driver for luaTeX
\Fld@listcount=\count359
\c@bookmark@seq@number=\count360
(/Users/dq/Library/TinyTeX/texmf-dist/tex/latex/rerunfilecheck/rerunfilecheck.sty
Package: rerunfilecheck 2025-06-21 v1.11 Rerun checks for auxiliary files (HO)
(/Users/dq/Library/TinyTeX/texmf-dist/tex/generic/uniquecounter/uniquecounter.sty
Package: uniquecounter 2019/12/15 v1.4 Provide unlimited unique counter (HO)
)
Package uniquecounter Info: New unique counter `rerunfilecheck' on input line 284.
)
\Hy@SectionHShift=\skip66
) (/Users/dq/Library/TinyTeX/texmf-dist/tex/latex/bookmark/bkm-pdftex.def
File: bkm-pdftex.def 2023-12-10 v1.31 bookmark driver for pdfTeX and luaTeX (HO)
\BKM@id=\count361
)) (/Users/dq/Library/TinyTeX/texmf-dist/tex/latex/caption/caption.sty
Package: caption 2023/08/05 v3.6o Customizing captions (AR)
(/Users/dq/Library/TinyTeX/texmf-dist/tex/latex/caption/caption3.sty
Package: caption3 2023/07/31 v2.4d caption3 kernel (AR)
\caption@tempdima=\dimen296
\captionmargin=\dimen297
\caption@leftmargin=\dimen298
\caption@rightmargin=\dimen299
\caption@width=\dimen300
\caption@indent=\dimen301
\caption@parindent=\dimen302
\caption@hangindent=\dimen303
Package caption Info: Standard document class detected.
)
\c@caption@flags=\count362
\c@continuedfloat=\count363
Package caption Info: hyperref package is loaded.
Package caption Info: longtable package is loaded.
(/Users/dq/Library/TinyTeX/texmf-dist/tex/latex/caption/ltcaption.sty
Package: ltcaption 2021/01/08 v1.4c longtable captions (AR)
)) (/Users/dq/Library/TinyTeX/texmf-dist/tex/latex/float/float.sty
Package: float 2001/11/08 v1.3d Float enhancements (AL)
\c@float@type=\count364
\float@exts=\toks42
\float@box=\box89
\@float@everytoks=\toks43
\@floatcapt=\box90
)
\@float@every@codelisting=\toks44
\c@codelisting=\count365
(/Users/dq/Library/TinyTeX/texmf-dist/tex/latex/caption/subcaption.sty
Package: subcaption 2023/07/28 v1.6b Sub-captions (AR)
Package caption Info: New subtype `subfigure' on input line 238.
\c@subfigure=\count366
Package caption Info: New subtype `subtable' on input line 238.
\c@subtable=\count367
)
Package hyperref Info: Option `colorlinks' set `true' on input line 228.
No file index.aux.

\openout1 = index.aux
LaTeX Font Info:    Checking defaults for OML/cmm/m/it on input line 234.
LaTeX Font Info:    ... okay on input line 234.
LaTeX Font Info:    Checking defaults for OMS/cmsy/m/n on input line 234.
LaTeX Font Info:    ... okay on input line 234.
LaTeX Font Info:    Checking defaults for OT1/cmr/m/n on input line 234.
LaTeX Font Info:    ... okay on input line 234.
LaTeX Font Info:    Checking defaults for T1/cmr/m/n on input line 234.
LaTeX Font Info:    ... okay on input line 234.
LaTeX Font Info:    Checking defaults for TS1/cmr/m/n on input line 234.
LaTeX Font Info:    ... okay on input line 234.
LaTeX Font Info:    Checking defaults for TU/lmr/m/n on input line 234.
LaTeX Font Info:    ... okay on input line 234.
LaTeX Font Info:    Checking defaults for OMX/cmex/m/n on input line 234.
LaTeX Font Info:    ... okay on input line 234.
LaTeX Font Info:    Checking defaults for U/cmr/m/n on input line 234.
LaTeX Font Info:    ... okay on input line 234.
LaTeX Font Info:    Checking defaults for PD1/pdf/m/n on input line 234.
LaTeX Font Info:    ... okay on input line 234.
LaTeX Font Info:    Checking defaults for PU/pdf/m/n on input line 234.
LaTeX Font Info:    ... okay on input line 234.
(/Users/dq/Library/TinyTeX/texmf-dist/tex/latex/epstopdf-pkg/epstopdf-base.sty
Package: epstopdf-base 2020-01-24 v2.11 Base part for package epstopdf
Package epstopdf-base Info: Redefining graphics rule for `.eps' on input line 485.
(/Users/dq/Library/TinyTeX/texmf-dist/tex/latex/latexconfig/epstopdf-sys.cfg
File: epstopdf-sys.cfg 2010/07/13 v1.3 Configuration of (r)epstopdf for TeX Live
))
LaTeX Font Info:    Overwriting math alphabet `\mathrm' in version `normal'
(Font)                  OT1/lmr/m/n --> TU/lmr/m/n on input line 234.
LaTeX Font Info:    Overwriting math alphabet `\mathit' in version `normal'
(Font)                  OT1/lmr/m/it --> TU/lmr/m/it on input line 234.
LaTeX Font Info:    Overwriting math alphabet `\mathbf' in version `normal'
(Font)                  OT1/lmr/bx/n --> TU/lmr/bx/n on input line 234.
LaTeX Font Info:    Overwriting math alphabet `\mathsf' in version `normal'
(Font)                  OT1/lmss/m/n --> TU/lmss/m/n on input line 234.
LaTeX Font Info:    Overwriting math alphabet `\mathsf' in version `bold'
(Font)                  OT1/lmss/bx/n --> TU/lmss/bx/n on input line 234.
LaTeX Font Info:    Overwriting math alphabet `\mathtt' in version `normal'
(Font)                  OT1/lmtt/m/n --> TU/lmtt/m/n on input line 234.
LaTeX Font Info:    Overwriting math alphabet `\mathtt' in version `bold'
(Font)                  OT1/lmtt/m/n --> TU/lmtt/bx/n on input line 234.

Package fontspec Info: 
(fontspec)             latinmodern-math scale = 0.9999964596882403.


Package fontspec Info: 
(fontspec)             latinmodern-math scale = 0.9999964596882403.


Package fontspec Info: 
(fontspec)             latinmodern-math scale = 0.9999964596882403.


Package fontspec Info: 
(fontspec)             Font family 'latinmodern-math.otf(0)' created for font
(fontspec)             'latinmodern-math.otf' with options
(fontspec)             [Scale=MatchLowercase,Renderer=Basic,BoldItalicFont={},ItalicFont={},SmallCapsFont={},Script=Math,RawFeature={mathfontdimen=xetex},BoldFont={latinmodern-math.otf}].
(fontspec)              
(fontspec)              This font family consists of the following NFSS
(fontspec)             series/shapes:
(fontspec)              
(fontspec)             - 'normal' (m/n) with NFSS spec.:
(fontspec)             <->s*[0.9999964596882403]"[latinmodern-math.otf]:mode=base;script=math;language=dflt;mathfontdimen=xetex;"
(fontspec)             - 'bold' (b/n) with NFSS spec.:
(fontspec)             <->s*[0.9999964596882403]"[latinmodern-math.otf]:mode=base;script=math;language=dflt;mathfontdimen=xetex;"

LaTeX Font Info:    Font shape `TU/latinmodern-math.otf(0)/m/n' will be
(Font)              scaled to size 10.0pt on input line 234.

Package fontspec Info: 
(fontspec)             latinmodern-math scale = 0.9999964596882403.


Package fontspec Info: 
(fontspec)             latinmodern-math scale = 0.9999964596882403.


Package fontspec Info: 
(fontspec)             latinmodern-math scale = 0.9999964596882403.


Package fontspec Info: 
(fontspec)             latinmodern-math scale = 0.9999964596882403.


Package fontspec Info: 
(fontspec)             latinmodern-math scale = 0.9999964596882403.


Package fontspec Info: 
(fontspec)             Font family 'latinmodern-math.otf(1)' created for font
(fontspec)             'latinmodern-math.otf' with options
(fontspec)             [Scale=MatchLowercase,Renderer=Basic,BoldItalicFont={},ItalicFont={},SmallCapsFont={},Script=Math,SizeFeatures={{Size=8.5-},{Size=6-8.5,Font=latinmodern-math.otf,Style=MathScript},{Size=-6,Font=latinmodern-math.otf,Style=MathScriptScript}},RawFeature={mathfontdimen=xetex},BoldFont={latinmodern-math.otf}].
(fontspec)              
(fontspec)              This font family consists of the following NFSS
(fontspec)             series/shapes:
(fontspec)              
(fontspec)             - 'normal' (m/n) with NFSS spec.:
(fontspec)             <8.5->s*[0.9999964596882403]"[latinmodern-math.otf]:mode=base;script=math;language=dflt;mathfontdimen=xetex;"<6-8.5>s*[0.9999964596882403]"[latinmodern-math.otf]:mode=base;script=math;language=dflt;mathfontdimen=xetex;+ssty=0;"<-6>s*[0.9999964596882403]"[latinmodern-math.otf]:mode=base;script=math;language=dflt;mathfontdimen=xetex;+ssty=1;"
(fontspec)             - 'bold' (b/n) with NFSS spec.:
(fontspec)             <->s*[0.9999964596882403]"[latinmodern-math.otf]:mode=base;script=math;language=dflt;mathfontdimen=xetex;"

LaTeX Font Info:    Font shape `TU/latinmodern-math.otf(1)/m/n' will be
(Font)              scaled to size 10.0pt on input line 234.
LaTeX Font Info:    Encoding `OT1' has changed to `TU' for symbol font
(Font)              `operators' in the math version `normal' on input line 234.
LaTeX Font Info:    Overwriting symbol font `operators' in version `normal'
(Font)                  OT1/lmr/m/n --> TU/latinmodern-math.otf(1)/m/n on input line 234.
LaTeX Font Info:    Encoding `OT1' has changed to `TU' for symbol font
(Font)              `operators' in the math version `bold' on input line 234.
LaTeX Font Info:    Overwriting symbol font `operators' in version `bold'
(Font)                  OT1/lmr/bx/n --> TU/latinmodern-math.otf(1)/b/n on input line 234.

Package fontspec Info: 
(fontspec)             latinmodern-math scale = 0.9999964596882403.


Package fontspec Info: 
(fontspec)             latinmodern-math scale = 0.9999964596882403.


Package fontspec Info: 
(fontspec)             latinmodern-math scale = 0.9999964596882403.


Package fontspec Info: 
(fontspec)             latinmodern-math scale = 0.9999964596882403.


Package fontspec Info: 
(fontspec)             latinmodern-math scale = 0.9999964596882403.


Package fontspec Info: 
(fontspec)             Font family 'latinmodern-math.otf(2)' created for font
(fontspec)             'latinmodern-math.otf' with options
(fontspec)             [Scale=MatchLowercase,Renderer=Basic,BoldItalicFont={},ItalicFont={},SmallCapsFont={},Script=Math,SizeFeatures={{Size=8.5-},{Size=6-8.5,Font=latinmodern-math.otf,Style=MathScript},{Size=-6,Font=latinmodern-math.otf,Style=MathScriptScript}},RawFeature={mathfontdimen=xetex},BoldFont={latinmodern-math.otf},RawFeature={mathfontdimen=tex2}].
(fontspec)              
(fontspec)              This font family consists of the following NFSS
(fontspec)             series/shapes:
(fontspec)              
(fontspec)             - 'normal' (m/n) with NFSS spec.:
(fontspec)             <8.5->s*[0.9999964596882403]"[latinmodern-math.otf]:mode=base;script=math;language=dflt;mathfontdimen=xetex;mathfontdimen=tex2;"<6-8.5>s*[0.9999964596882403]"[latinmodern-math.otf]:mode=base;script=math;language=dflt;mathfontdimen=xetex;mathfontdimen=tex2;+ssty=0;"<-6>s*[0.9999964596882403]"[latinmodern-math.otf]:mode=base;script=math;language=dflt;mathfontdimen=xetex;mathfontdimen=tex2;+ssty=1;"
(fontspec)             - 'bold' (b/n) with NFSS spec.:
(fontspec)             <->s*[0.9999964596882403]"[latinmodern-math.otf]:mode=base;script=math;language=dflt;mathfontdimen=xetex;mathfontdimen=tex2;"

LaTeX Font Info:    Encoding `OMS' has changed to `TU' for symbol font
(Font)              `symbols' in the math version `normal' on input line 234.
LaTeX Font Info:    Overwriting symbol font `symbols' in version `normal'
(Font)                  OMS/lmsy/m/n --> TU/latinmodern-math.otf(2)/m/n on input line 234.
LaTeX Font Info:    Encoding `OMS' has changed to `TU' for symbol font
(Font)              `symbols' in the math version `bold' on input line 234.
LaTeX Font Info:    Overwriting symbol font `symbols' in version `bold'
(Font)                  OMS/lmsy/b/n --> TU/latinmodern-math.otf(2)/b/n on input line 234.

Package fontspec Info: 
(fontspec)             latinmodern-math scale = 0.9999964596882403.


Package fontspec Info: 
(fontspec)             latinmodern-math scale = 0.9999964596882403.


Package fontspec Info: 
(fontspec)             latinmodern-math scale = 0.9999964596882403.


Package fontspec Info: 
(fontspec)             latinmodern-math scale = 0.9999964596882403.


Package fontspec Info: 
(fontspec)             latinmodern-math scale = 0.9999964596882403.


Package fontspec Info: 
(fontspec)             Font family 'latinmodern-math.otf(3)' created for font
(fontspec)             'latinmodern-math.otf' with options
(fontspec)             [Scale=MatchLowercase,Renderer=Basic,BoldItalicFont={},ItalicFont={},SmallCapsFont={},Script=Math,SizeFeatures={{Size=8.5-},{Size=6-8.5,Font=latinmodern-math.otf,Style=MathScript},{Size=-6,Font=latinmodern-math.otf,Style=MathScriptScript}},RawFeature={mathfontdimen=xetex},BoldFont={latinmodern-math.otf},RawFeature={mathfontdimen=tex3}].
(fontspec)              
(fontspec)              This font family consists of the following NFSS
(fontspec)             series/shapes:
(fontspec)              
(fontspec)             - 'normal' (m/n) with NFSS spec.:
(fontspec)             <8.5->s*[0.9999964596882403]"[latinmodern-math.otf]:mode=base;script=math;language=dflt;mathfontdimen=xetex;mathfontdimen=tex3;"<6-8.5>s*[0.9999964596882403]"[latinmodern-math.otf]:mode=base;script=math;language=dflt;mathfontdimen=xetex;mathfontdimen=tex3;+ssty=0;"<-6>s*[0.9999964596882403]"[latinmodern-math.otf]:mode=base;script=math;language=dflt;mathfontdimen=xetex;mathfontdimen=tex3;+ssty=1;"
(fontspec)             - 'bold' (b/n) with NFSS spec.:
(fontspec)             <->s*[0.9999964596882403]"[latinmodern-math.otf]:mode=base;script=math;language=dflt;mathfontdimen=xetex;mathfontdimen=tex3;"

LaTeX Font Info:    Encoding `OMX' has changed to `TU' for symbol font
(Font)              `largesymbols' in the math version `normal' on input line 234.
LaTeX Font Info:    Overwriting symbol font `largesymbols' in version `normal'
(Font)                  OMX/lmex/m/n --> TU/latinmodern-math.otf(3)/m/n on input line 234.
LaTeX Font Info:    Encoding `OMX' has changed to `TU' for symbol font
(Font)              `largesymbols' in the math version `bold' on input line 234.
LaTeX Font Info:    Overwriting symbol font `largesymbols' in version `bold'
(Font)                  OMX/lmex/m/n --> TU/latinmodern-math.otf(3)/b/n on input line 234.
LaTeX Font Info:    Font shape `TU/latinmodern-math.otf(1)/m/n' will be
(Font)              scaled to size 7.0pt on input line 234.
LaTeX Font Info:    Font shape `TU/latinmodern-math.otf(1)/m/n' will be
(Font)              scaled to size 5.0pt on input line 234.
LaTeX Font Info:    Trying to load font information for OML+lmm on input line 234.
(/Users/dq/Library/TinyTeX/texmf-dist/tex/latex/lm/omllmm.fd
File: omllmm.fd 2015/05/01 v1.6.1 Font defs for Latin Modern
)
LaTeX Font Info:    Font shape `TU/latinmodern-math.otf(2)/m/n' will be
(Font)              scaled to size 10.0pt on input line 234.
LaTeX Font Info:    Font shape `TU/latinmodern-math.otf(2)/m/n' will be
(Font)              scaled to size 7.0pt on input line 234.
LaTeX Font Info:    Font shape `TU/latinmodern-math.otf(2)/m/n' will be
(Font)              scaled to size 5.0pt on input line 234.
LaTeX Font Info:    Font shape `TU/latinmodern-math.otf(3)/m/n' will be
(Font)              scaled to size 10.0pt on input line 234.
LaTeX Font Info:    Font shape `TU/latinmodern-math.otf(3)/m/n' will be
(Font)              scaled to size 7.0pt on input line 234.
LaTeX Font Info:    Font shape `TU/latinmodern-math.otf(3)/m/n' will be
(Font)              scaled to size 5.0pt on input line 234.
LaTeX Font Info:    Trying to load font information for U+msa on input line 234.
(/Users/dq/Library/TinyTeX/texmf-dist/tex/latex/amsfonts/umsa.fd
File: umsa.fd 2013/01/14 v3.01 AMS symbols A
)
LaTeX Font Info:    Trying to load font information for U+msb on input line 234.
(/Users/dq/Library/TinyTeX/texmf-dist/tex/latex/amsfonts/umsb.fd
File: umsb.fd 2013/01/14 v3.01 AMS symbols B
)
LaTeX Info: Redefining \microtypecontext on input line 234.
Package microtype Info: Applying patch `item' on input line 234.
Package microtype Info: Applying patch `toc' on input line 234.
Package microtype Info: Applying patch `eqnum' on input line 234.
Package microtype Info: Applying patch `footnote' on input line 234.
Package microtype Info: Applying patch `verbatim' on input line 234.
LaTeX Info: Redefining \microtypesetup on input line 234.
Package microtype Info: Generating PDF output.
Package microtype Info: Character protrusion enabled (level 2).
Package microtype Info: Using protrusion set `basicmath'.
Package microtype Info: Automatic font expansion enabled (level 2),
(microtype)             stretch: 20, shrink: 20, step: 1, non-selected.
Package microtype Info: Using default expansion set `alltext-nott'.
Package microtype Info: Patching command `\showhyphens'.
Package microtype Info: No adjustment of tracking.
Package microtype Info: No adjustment of spacing.
Package microtype Info: No adjustment of kerning.
(/Users/dq/Library/TinyTeX/texmf-dist/tex/latex/microtype/mt-LatinModernRoman.cfg
File: mt-LatinModernRoman.cfg 2026/02/26 v1.2 microtype config. file: Latin Modern Roman (RS)
)
Removing  `Babel.pre_otfload_h' from `hpack_filter'.
Removing  `luaotfload.node_processor' from `hpack_filter'.
Removing  `luaotfload.harf.finalize_hlist' from `hpack_filter'.
Inserting `Babel.math_box_dir' in `hpack_filter'.
Inserting `Babel.pre_otfload_h' in `hpack_filter'.
Inserting `luaotfload.node_processor' in `hpack_filter'.
Inserting `luaotfload.harf.finalize_hlist' in `hpack_filter'.
Inserting `Babel.unset_atdir' in `pre_linebreak_filter'.
Inserting `Babel.unset_atdir' in `hpack_filter'.
Package hyperref Info: Link coloring ON on input line 234.
Package caption Info: Begin \AtBeginDocument code.
Package caption Info: float package is loaded.
Package caption Info: End \AtBeginDocument code.
LaTeX Font Info:    Font shape `TU/latinmodern-math.otf(1)/m/n' will be
(Font)              scaled to size 12.0pt on input line 236.
LaTeX Font Info:    Font shape `TU/latinmodern-math.otf(1)/m/n' will be
(Font)              scaled to size 8.0pt on input line 236.
LaTeX Font Info:    Font shape `TU/latinmodern-math.otf(1)/m/n' will be
(Font)              scaled to size 6.0pt on input line 236.
LaTeX Font Info:    Font shape `TU/latinmodern-math.otf(2)/m/n' will be
(Font)              scaled to size 12.0pt on input line 236.
LaTeX Font Info:    Font shape `TU/latinmodern-math.otf(2)/m/n' will be
(Font)              scaled to size 8.0pt on input line 236.
LaTeX Font Info:    Font shape `TU/latinmodern-math.otf(2)/m/n' will be
(Font)              scaled to size 6.0pt on input line 236.
LaTeX Font Info:    Font shape `TU/latinmodern-math.otf(3)/m/n' will be
(Font)              scaled to size 12.0pt on input line 236.
LaTeX Font Info:    Font shape `TU/latinmodern-math.otf(3)/m/n' will be
(Font)              scaled to size 8.0pt on input line 236.
LaTeX Font Info:    Font shape `TU/latinmodern-math.otf(3)/m/n' will be
(Font)              scaled to size 6.0pt on input line 236.
(/Users/dq/Library/TinyTeX/texmf-dist/tex/latex/microtype/mt-msa.cfg
File: mt-msa.cfg 2006/02/04 v1.1 microtype config. file: AMS symbols (a) (RS)
) (/Users/dq/Library/TinyTeX/texmf-dist/tex/latex/microtype/mt-msb.cfg
File: mt-msb.cfg 2005/06/01 v1.0 microtype config. file: AMS symbols (b) (RS)
) [1

{/Users/dq/Library/TinyTeX/texmf-var/fonts/map/pdftex/updmap/pdftex.map}]
No file index.toc.
\tf@toc=\write4

\openout4 = index.toc

warning  (pdf backend): ignoring duplicate destination with the name 'page.1'
[1

]
Chapter 1.
[2

] [3]
Chapter 2.
[4

] [5]
Chapter 3.
[6

] [7]
Chapter 4.
[8

] [9] [10] [11] [12] [13] [14] [15] [16] [17]
Chapter 5.

LaTeX Warning: Reference `tbl-population-demographics' on page 18 undefined on input line 979.


LaTeX Warning: Reference `tbl-ethnicity' on page 18 undefined on input line 983.


LaTeX Warning: Hyper reference `sec-appendix-a-map' on page 18 undefined on input line 989.


LaTeX Warning: Reference `tbl-educational-attainment' on page 18 undefined on input line 1000.


LaTeX Warning: Hyper reference `sec-appendix-b-map' on page 18 undefined on input line 1013.

[18

]

LaTeX Warning: Hyper reference `sec-appendix-c-map' on page 19 undefined on input line 1029.


LaTeX Warning: Hyper reference `sec-appendix-d-map' on page 19 undefined on input line 1042.


LaTeX Warning: Hyper reference `sec-appendix-e-map' on page 19 undefined on input line 1056.


LaTeX Warning: Hyper reference `sec-appendix-f-map' on page 19 undefined on input line 1066.

[19]

LaTeX Warning: Hyper reference `sec-appendix-g-map' on page 20 undefined on input line 1081.


LaTeX Warning: Hyper reference `sec-appendix-h-map' on page 20 undefined on input line 1093.

[20]
Chapter 6.

LaTeX Warning: Reference `tbl-population-demographics' on page 21 undefined on input line 1110.


Overfull \hbox (0.31004pt too wide) in alignment at lines 1116--1128
 [][][][] 
 []


Overfull \hbox (0.31004pt too wide) in alignment at lines 1128--1133
 [][][][] 
 []


Overfull \hbox (0.31004pt too wide) in alignment at lines 1133--1135
 [][][][] 
 []


Overfull \hbox (34.74005pt too wide) in alignment at lines 1135--1147
 [][][][] 
 []


Package longtable Warning: Column widths have changed
(longtable)                in table 6.1 on input line 1147.

ignored: Infinite glue shrinkage found in box being split [21

] (/Users/dq/Library/TinyTeX/texmf-dist/tex/latex/microtype/mt-TU-empty.cfg
File: mt-TU-empty.cfg 2021/06/22 v1.1 microtype config. file: fonts with nonstandard glyph set (RS)
)

LaTeX Warning: Reference `tbl-sex' on page 22 undefined on input line 1161.


Package longtable Warning: Column widths have changed
(longtable)                in table 6.2 on input line 1200.

[22]

LaTeX Warning: Reference `tbl-age' on page 23 undefined on input line 1223.


Overfull \hbox (825.18022pt too wide) in alignment at lines 1230--1255
 [][][][][][][][][][][][][][][][][][][][][][][] 
 []


Overfull \hbox (825.18022pt too wide) in alignment at lines 1255--1274
 [][][][][][][][][][][][][][][][][][][][][][][] 
 []


Overfull \hbox (825.18022pt too wide) in alignment at lines 1274--1276
 [][][][][][][][][][][][][][][][][][][][][][][] 
 []


Overfull \hbox (975.51021pt too wide) in alignment at lines 1276--1309
 [][][][][][][][][][][][][][][][][][][][][][][] 
 []


Package longtable Warning: Column widths have changed
(longtable)                in table 6.3 on input line 1309.


LaTeX Warning: Reference `tbl-ethnicity' on page 23 undefined on input line 1331.


LaTeX Warning: Reference `tbl-race' on page 23 undefined on input line 1331.

[23]

Package longtable Warning: Column widths have changed
(longtable)                in table 6.4 on input line 1367.


Overfull \hbox (848.47014pt too wide) in alignment at lines 1390--1411
 [][][][][][][][][][][][][][][] 
 []


Overfull \hbox (848.47014pt too wide) in alignment at lines 1411--1426
 [][][][][][][][][][][][][][][] 
 []


Overfull \hbox (848.47014pt too wide) in alignment at lines 1426--1428
 [][][][][][][][][][][][][][][] 
 []


Overfull \hbox (917.34013pt too wide) in alignment at lines 1428--1450
 [][][][][][][][][][][][][][][] 
 []

[24]

Package longtable Warning: Column widths have changed
(longtable)                in table 6.5 on input line 1450.


LaTeX Warning: Reference `tbl-language' on page 25 undefined on input line 1481.


Overfull \hbox (457.8301pt too wide) in alignment at lines 1483--1502
 [][][][][][][][][][][][][] 
 []


Overfull \hbox (457.8301pt too wide) in alignment at lines 1502--1515
 [][][][][][][][][][][][][] 
 []


Overfull \hbox (457.8301pt too wide) in alignment at lines 1515--1517
 [][][][][][][][][][][][][] 
 []


Overfull \hbox (531.70009pt too wide) in alignment at lines 1517--1539
 [][][][][][][][][][][][][] 
 []

[25]

Package longtable Warning: Column widths have changed
(longtable)                in table 6.6 on input line 1539.


LaTeX Warning: Reference `tbl-education-base' on page 26 undefined on input line 1564.


LaTeX Warning: Reference `tbl-education-base' on page 26 undefined on input line 1567.


Overfull \hbox (521.23015pt too wide) in alignment at lines 1569--1588
 [][][][][][][][][][][][][][][] 
 []


Overfull \hbox (521.23015pt too wide) in alignment at lines 1588--1600
 [][][][][][][][][][][][][][][] 
 []


Overfull \hbox (521.23015pt too wide) in alignment at lines 1600--1602
 [][][][][][][][][][][][][][][] 
 []


Overfull \hbox (782.61014pt too wide) in alignment at lines 1602--1625
 [][][][][][][][][][][][][][][] 
 []

[26]

Package longtable Warning: Column widths have changed
(longtable)                in table 6.7 on input line 1625.


LaTeX Warning: Reference `tbl-education-base' on page 27 undefined on input line 1651.

[27]

LaTeX Warning: Reference `tbl-households' on page 28 undefined on input line 1679.


Package longtable Warning: Column widths have changed
(longtable)                in table 6.8 on input line 1709.

[28]

LaTeX Warning: Reference `tbl-income' on page 29 undefined on input line 1736.


Overfull \hbox (739.66022pt too wide) in alignment at lines 1738--1762
 [][][][][][][][][][][][][][][][][][][][][] 
 []


Overfull \hbox (739.66022pt too wide) in alignment at lines 1762--1780
 [][][][][][][][][][][][][][][][][][][][][] 
 []


Overfull \hbox (739.66022pt too wide) in alignment at lines 1780--1782
 [][][][][][][][][][][][][][][][][][][][][] 
 []


Overfull \hbox (859.68019pt too wide) in alignment at lines 1782--1814
 [][][][][][][][][][][][][][][][][][][][][] 
 []


Package longtable Warning: Column widths have changed
(longtable)                in table 6.9 on input line 1814.


LaTeX Warning: Reference `tbl-households' on page 29 undefined on input line 1831.


LaTeX Warning: Reference `tbl-veteran' on page 29 undefined on input line 1846.

[29]
Overfull \hbox (17.27003pt too wide) in alignment at lines 1870--1882
 [][][][] 
 []


Package longtable Warning: Column widths have changed
(longtable)                in table 6.10 on input line 1882.

[30]

LaTeX Warning: Reference `tbl-disability' on page 31 undefined on input line 1941.


Overfull \hbox (395.09007pt too wide) in alignment at lines 1943--1956
 [][][][][][][][] 
 []


Overfull \hbox (395.09007pt too wide) in alignment at lines 1956--1962
 [][][][][][][][] 
 []


Overfull \hbox (395.09007pt too wide) in alignment at lines 1962--1964
 [][][][][][][][] 
 []


Overfull \hbox (449.05008pt too wide) in alignment at lines 1964--1975
 [][][][][][][][] 
 []


Package longtable Warning: Column widths have changed
(longtable)                in table 6.11 on input line 1975.

[31] [32]
Chapter 7.

LaTeX Warning: Reference `fig-labor-force' on page 33 undefined on input line 2012.


LaTeX Warning: Reference `tbl-labor-force' on page 33 undefined on input line 2013.


LaTeX Warning: Reference `fig-unemployed' on page 33 undefined on input line 2018.


LaTeX Warning: Reference `tbl-unemployed' on page 33 undefined on input line 2018.


Overfull \hbox (76.89014pt too wide) in alignment at lines 2051--2063
 [][][][][][][][][][] 
 []


Overfull \hbox (76.89014pt too wide) in alignment at lines 2063--2068
 [][][][][][][][][][] 
 []


Overfull \hbox (76.89014pt too wide) in alignment at lines 2068--2070
 [][][][][][][][][][] 
 []


Overfull \hbox (81.61014pt too wide) in alignment at lines 2070--2075
 [][][][][][][][][][] 
 []

[33

]

Package longtable Warning: Column widths have changed
(longtable)                in table 7.1 on input line 2075.


Underfull \hbox (badness 10000) in paragraph at lines 2079--2082
[]\TU/lmr/m/n/10 US Cen-sus Bu-reau; Amer-i-can Com-mu-nity Sur-vey,
 []


Underfull \hbox (badness 10000) in paragraph at lines 2079--2082
\TU/lmr/m/n/10 2023 Amer-i-can Com-mu-nity Sur-vey 5-year es-ti-mates,
 []


Underfull \hbox (badness 10000) in paragraph at lines 2079--2082
\TU/lmr/m/n/10 Ta-ble DP03, April 2025 https://data.cen-sus.gov/ta-
 []


Overfull \hbox (216.64566pt too wide) in paragraph at lines 2079--2082
\TU/lmr/m/n/10 ble/ACSDP5Y2023.DP03?q=dp03&g=050XX00US36105,36027,36071,36119,36087,36079,36111_040XX00US36_010XX00US 
 []


Overfull \hbox (76.89014pt too wide) in alignment at lines 2112--2124
 [][][][][][][][][][] 
 []


Overfull \hbox (76.89014pt too wide) in alignment at lines 2124--2129
 [][][][][][][][][][] 
 []


Overfull \hbox (76.89014pt too wide) in alignment at lines 2129--2131
 [][][][][][][][][][] 
 []


Overfull \hbox (76.89014pt too wide) in alignment at lines 2131--2136
 [][][][][][][][][][] 
 []


Underfull \hbox (badness 10000) in paragraph at lines 2140--2143
[]\TU/lmr/m/n/10 Source: US Cen-sus Bu-reau; Amer-i-can Com-mu-nity Sur-
 []


Underfull \hbox (badness 10000) in paragraph at lines 2140--2143
\TU/lmr/m/n/10 vey, 2023 Amer-i-can Com-mu-nity Sur-vey 5-year es-ti-
 []


Underfull \hbox (badness 10000) in paragraph at lines 2140--2143
\TU/lmr/m/n/10 mates, Ta-ble DP03, April 2025 https://data.cen-sus.gov/ta-
 []


Overfull \hbox (216.64566pt too wide) in paragraph at lines 2140--2143
\TU/lmr/m/n/10 ble/ACSDP5Y2023.DP03?q=dp03&g=050XX00US36105,36027,36071,36119,36087,36079,36111_040XX00US36_010XX00US 
 []

[34]

LaTeX Warning: Reference `fig-food-insecurity' on page 35 undefined on input line 2200.


LaTeX Warning: Reference `tbl-food-insecurity' on page 35 undefined on input line 2200.


LaTeX Warning: Reference `fig-childhood-food-insecurity' on page 35 undefined on input line 2203.


LaTeX Warning: Reference `tbl-childhood-food-insecurity' on page 35 undefined on input line 2204.

[35]
Overfull \hbox (51.83012pt too wide) in alignment at lines 2221--2233
 [][][][][][][][][] 
 []


Overfull \hbox (51.83012pt too wide) in alignment at lines 2233--2238
 [][][][][][][][][] 
 []


Overfull \hbox (51.83012pt too wide) in alignment at lines 2238--2240
 [][][][][][][][][] 
 []


Overfull \hbox (51.83012pt too wide) in alignment at lines 2240--2246
 [][][][][][][][][] 
 []


Underfull \hbox (badness 7704) in paragraph at lines 2250--2252
[]\TU/lmr/m/n/10 Feed-ing Amer-ica, June 2025 https://map.feedingamer-ica.org/dis-
 []


Overfull \hbox (51.83012pt too wide) in alignment at lines 2284--2296
 [][][][][][][][][] 
 []


Overfull \hbox (51.83012pt too wide) in alignment at lines 2296--2301
 [][][][][][][][][] 
 []


Overfull \hbox (51.83012pt too wide) in alignment at lines 2301--2303
 [][][][][][][][][] 
 []


Overfull \hbox (51.83012pt too wide) in alignment at lines 2303--2309
 [][][][][][][][][] 
 []

[36]
Underfull \hbox (badness 7704) in paragraph at lines 2313--2315
[]\TU/lmr/m/n/10 Feed-ing Amer-ica, June 2025 https://map.feedingamer-ica.org/dis-
 []

[37]

LaTeX Warning: Reference `fig-cost-burdened-renters' on page 38 undefined on input line 2359.


LaTeX Warning: Reference `fig-severely-cost-burdened' on page 38 undefined on input line 2360.


Overfull \hbox (51.83012pt too wide) in alignment at lines 2381--2393
 [][][][][][][][][] 
 []


Overfull \hbox (51.83012pt too wide) in alignment at lines 2393--2398
 [][][][][][][][][] 
 []


Overfull \hbox (51.83012pt too wide) in alignment at lines 2398--2400
 [][][][][][][][][] 
 []


Overfull \hbox (51.83012pt too wide) in alignment at lines 2400--2405
 [][][][][][][][][] 
 []


Underfull \hbox (badness 10000) in paragraph at lines 2409--2412
[]\TU/lmr/m/n/10 Source: US Cen-sus Bu-reau; Amer-i-can Com-mu-nity Sur-
 []


Underfull \hbox (badness 10000) in paragraph at lines 2409--2412
\TU/lmr/m/n/10 vey, 2023 Amer-i-can Com-mu-nity Sur-vey 5-year es-ti-
 []


Underfull \hbox (badness 10000) in paragraph at lines 2409--2412
\TU/lmr/m/n/10 mates, Ta-ble DP04, April 2025 https://data.cen-sus.gov/ta-
 []


Overfull \hbox (157.04688pt too wide) in paragraph at lines 2409--2412
\TU/lmr/m/n/10 ble/ACSDP5Y2023.DP04?q=dp04&g=050XX00US36105,36027,36071,36119,36087,36079,36111_040XX00US36 
 []


Overfull \hbox (51.83012pt too wide) in alignment at lines 2439--2451
 [][][][][][][][][] 
 []


Overfull \hbox (51.83012pt too wide) in alignment at lines 2451--2456
 [][][][][][][][][] 
 []


Overfull \hbox (51.83012pt too wide) in alignment at lines 2456--2458
 [][][][][][][][][] 
 []


Overfull \hbox (76.80013pt too wide) in alignment at lines 2458--2464
 [][][][][][][][][] 
 []

[38]

Package longtable Warning: Column widths have changed
(longtable)                in table 7.6 on input line 2464.


Underfull \hbox (badness 10000) in paragraph at lines 2468--2472
\TU/lmr/m/n/10 ty-healthrank-ings.org/health-data/new-york?year=2025&mea-sure=Se-
 []


LaTeX Warning: Reference `tbl-hud-housing' on page 39 undefined on input line 2490.


Overfull \hbox (51.83012pt too wide) in alignment at lines 2492--2504
 [][][][][][][][][] 
 []


Overfull \hbox (51.83012pt too wide) in alignment at lines 2504--2509
 [][][][][][][][][] 
 []


Overfull \hbox (51.83012pt too wide) in alignment at lines 2509--2511
 [][][][][][][][][] 
 []


Overfull \hbox (71.83012pt too wide) in alignment at lines 2511--2521
 [][][][][][][][][] 
 []


Package longtable Warning: Column widths have changed
(longtable)                in table 7.7 on input line 2521.

ignored: Infinite glue shrinkage found in box being split [39]
Underfull \hbox (badness 2020) in paragraph at lines 2525--2527
[]\TU/lmr/m/n/10 US De-part-ment of Hous-ing and Ur-ban De-vel-op-ment, July 2025
 []


Underfull \hbox (badness 10000) in paragraph at lines 2525--2527
\TU/lmr/m/n/10 https://www.huduser.gov/por-tal/datasets/as-sthsg.html#code-book_2009-
 []


LaTeX Warning: Reference `tbl-poverty-threshold' on page 40 undefined on input line 2552.


Overfull \hbox (98.34015pt too wide) in alignment at lines 2556--2570
 [][][][][][][][][][][] 
 []


Overfull \hbox (98.34015pt too wide) in alignment at lines 2570--2577
 [][][][][][][][][][][] 
 []


Overfull \hbox (98.34015pt too wide) in alignment at lines 2577--2579
 [][][][][][][][][][][] 
 []


Overfull \hbox (288.24016pt too wide) in alignment at lines 2579--2600
 [][][][][][][][][][][] 
 []


Package longtable Warning: Column widths have changed
(longtable)                in table 7.8 on input line 2600.

ignored: Infinite glue shrinkage found in box being split [40]

LaTeX Warning: Reference `fig-poverty-rate' on page 41 undefined on input line 2626.


LaTeX Warning: Reference `tbl-poverty-rate' on page 41 undefined on input line 2627.


Overfull \hbox (51.83012pt too wide) in alignment at lines 2644--2656
 [][][][][][][][][] 
 []


Overfull \hbox (51.83012pt too wide) in alignment at lines 2656--2661
 [][][][][][][][][] 
 []


Overfull \hbox (51.83012pt too wide) in alignment at lines 2661--2663
 [][][][][][][][][] 
 []


Overfull \hbox (51.83012pt too wide) in alignment at lines 2663--2668
 [][][][][][][][][] 
 []

ignored: Infinite glue shrinkage found in box being split [41]
Underfull \hbox (badness 10000) in paragraph at lines 2672--2675
[]\TU/lmr/m/n/10 US Cen-sus Bu-reau; Amer-i-can Com-mu-nity Sur-vey, 2023
 []


Underfull \hbox (badness 10000) in paragraph at lines 2672--2675
\TU/lmr/m/n/10 Amer-i-can Com-mu-nity Sur-vey 5-year es-ti-mates, Ta-
 []


Underfull \hbox (badness 10000) in paragraph at lines 2672--2675
\TU/lmr/m/n/10 ble S1701, April 2025 https://data.cen-sus.gov/ta-ble/AC-
 []


Overfull \hbox (127.69728pt too wide) in paragraph at lines 2672--2675
\TU/lmr/m/n/10 SST5Y2023.S1701?q=s1701&g=050XX00US36105,36027,36071,36119,36087,36079,36111_040XX00US36 
 []


LaTeX Warning: Reference `fig-poverty-by-race' on page 42 undefined on input line 2696.


LaTeX Warning: Reference `tbl-poverty-by-race' on page 42 undefined on input line 2697.


Overfull \hbox (116.53012pt too wide) in alignment at lines 2714--2726
 [][][][][][][][][] 
 []


Overfull \hbox (116.53012pt too wide) in alignment at lines 2726--2731
 [][][][][][][][][] 
 []


Overfull \hbox (116.53012pt too wide) in alignment at lines 2731--2733
 [][][][][][][][][] 
 []


Overfull \hbox (266.33011pt too wide) in alignment at lines 2733--2743
 [][][][][][][][][] 
 []


Package longtable Warning: Column widths have changed
(longtable)                in table 7.10 on input line 2743.

[42]

LaTeX Warning: Reference `fig-economically-disadvantaged' on page 43 undefined on input line 2780.


LaTeX Warning: Reference `tbl-economically-disadvantaged' on page 43 undefined on input line 2781.


Overfull \hbox (51.83012pt too wide) in alignment at lines 2804--2816
 [][][][][][][][][] 
 []


Overfull \hbox (51.83012pt too wide) in alignment at lines 2816--2821
 [][][][][][][][][] 
 []


Overfull \hbox (51.83012pt too wide) in alignment at lines 2821--2823
 [][][][][][][][][] 
 []


Overfull \hbox (75.13013pt too wide) in alignment at lines 2823--2828
 [][][][][][][][][] 
 []

[43]

Package longtable Warning: Column widths have changed
(longtable)                in table 7.11 on input line 2828.


LaTeX Warning: Reference `tbl-alice-budget' on page 44 undefined on input line 2871.


Overfull \hbox (487.48009pt too wide) in alignment at lines 2873--2886
 [][][][][][][][][] 
 []


Overfull \hbox (487.48009pt too wide) in alignment at lines 2886--2892
 [][][][][][][][][] 
 []


Overfull \hbox (487.48009pt too wide) in alignment at lines 2892--2894
 [][][][][][][][][] 
 []


Overfull \hbox (569.7001pt too wide) in alignment at lines 2894--2918
 [][][][][][][][][] 
 []

[44]

Package longtable Warning: Column widths have changed
(longtable)                in table 7.12 on input line 2918.


LaTeX Warning: Reference `fig-alice-threshold' on page 45 undefined on input line 2947.


LaTeX Warning: Reference `tbl-alice-threshold' on page 45 undefined on input line 2948.


Overfull \hbox (71.55013pt too wide) in alignment at lines 2964--2975
 [][][][][][][][][] 
 []


Overfull \hbox (71.55013pt too wide) in alignment at lines 2975--2980
 [][][][][][][][][] 
 []


Overfull \hbox (71.55013pt too wide) in alignment at lines 2980--2982
 [][][][][][][][][] 
 []


Overfull \hbox (141.33012pt too wide) in alignment at lines 2982--2988
 [][][][][][][][][] 
 []

[45]

Package longtable Warning: Column widths have changed
(longtable)                in table 7.13 on input line 2988.


LaTeX Warning: Reference `fig-graduation-rate' on page 46 undefined on input line 3029.


LaTeX Warning: Reference `tbl-graduation-rate' on page 46 undefined on input line 3030.

[46]
Overfull \hbox (51.83012pt too wide) in alignment at lines 3047--3059
 [][][][][][][][][] 
 []


Overfull \hbox (51.83012pt too wide) in alignment at lines 3059--3064
 [][][][][][][][][] 
 []


Overfull \hbox (51.83012pt too wide) in alignment at lines 3064--3066
 [][][][][][][][][] 
 []


Overfull \hbox (51.83012pt too wide) in alignment at lines 3066--3071
 [][][][][][][][][] 
 []


Underfull \hbox (badness 10000) in paragraph at lines 3075--3077
[]\TU/lmr/m/n/10 NYS Ed-u-ca-tion De-part-ment, June 2025
 []


LaTeX Warning: Reference `fig-graduation-by-race' on page 47 undefined on input line 3110.


LaTeX Warning: Reference `tbl-graduation-by-race' on page 47 undefined on input line 3111.

[47]
Overfull \hbox (116.53012pt too wide) in alignment at lines 3128--3140
 [][][][][][][][][] 
 []


Overfull \hbox (116.53012pt too wide) in alignment at lines 3140--3145
 [][][][][][][][][] 
 []


Overfull \hbox (116.53012pt too wide) in alignment at lines 3145--3147
 [][][][][][][][][] 
 []


Overfull \hbox (245.19012pt too wide) in alignment at lines 3147--3156
 [][][][][][][][][] 
 []


Package longtable Warning: Column widths have changed
(longtable)                in table 7.15 on input line 3156.


Underfull \hbox (badness 10000) in paragraph at lines 3160--3162
[]\TU/lmr/m/n/10 Source: NYS Ed-u-ca-tion De-part-ment, June 2025
 []

[48] [49]

LaTeX Warning: Reference `fig-educational-attainment' on page 50 undefined on input line 3250.


LaTeX Warning: Reference `tbl-educational-attainment' on page 50 undefined on input line 3251.


Overfull \hbox (102.64012pt too wide) in alignment at lines 3268--3280
 [][][][][][][][][] 
 []


Overfull \hbox (102.64012pt too wide) in alignment at lines 3280--3285
 [][][][][][][][][] 
 []


Overfull \hbox (102.64012pt too wide) in alignment at lines 3285--3287
 [][][][][][][][][] 
 []


Overfull \hbox (170.71013pt too wide) in alignment at lines 3287--3297
 [][][][][][][][][] 
 []


Package longtable Warning: Column widths have changed
(longtable)                in table 7.16 on input line 3297.


Underfull \hbox (badness 10000) in paragraph at lines 3301--3304
[]\TU/lmr/m/n/10 Source: US Cen-sus Bu-reau; Amer-i-can Com-mu-nity Sur-
 []


Underfull \hbox (badness 10000) in paragraph at lines 3301--3304
\TU/lmr/m/n/10 vey, 2020 Amer-i-can Com-mu-nity Sur-vey 5-Year Es-ti-mates,
 []


Underfull \hbox (badness 10000) in paragraph at lines 3301--3304
\TU/lmr/m/n/10 Ta-ble S1501, April 2025 https://data.cen-sus.gov/ta-ble/AC-
 []


Overfull \hbox (127.69728pt too wide) in paragraph at lines 3301--3304
\TU/lmr/m/n/10 SST5Y2023.S1501?q=s1501&g=050XX00US36105,36027,36071,36119,36087,36079,36111_040XX00US36 
 []


LaTeX Warning: Reference `fig-language-proficiency' on page 50 undefined on input line 3327.


LaTeX Warning: Reference `tbl-language-proficiency' on page 50 undefined on input line 3328.

[50]
Overfull \hbox (51.83012pt too wide) in alignment at lines 3346--3358
 [][][][][][][][][] 
 []


Overfull \hbox (51.83012pt too wide) in alignment at lines 3358--3363
 [][][][][][][][][] 
 []


Overfull \hbox (51.83012pt too wide) in alignment at lines 3363--3365
 [][][][][][][][][] 
 []


Overfull \hbox (51.83012pt too wide) in alignment at lines 3365--3370
 [][][][][][][][][] 
 []


Underfull \hbox (badness 10000) in paragraph at lines 3374--3377
[]\TU/lmr/m/n/10 Source: US Cen-sus Bu-reau; Amer-i-can Com-mu-nity Sur-
 []


Underfull \hbox (badness 10000) in paragraph at lines 3374--3377
\TU/lmr/m/n/10 vey, 2023 Amer-i-can Com-mu-nity Sur-vey 5-Year Es-ti-mates,
 []


Underfull \hbox (badness 10000) in paragraph at lines 3374--3377
\TU/lmr/m/n/10 Ta-ble S1601, April 2025 https://data.cen-sus.gov/ta-ble/AC-
 []


Overfull \hbox (170.91489pt too wide) in paragraph at lines 3374--3377
\TU/lmr/m/n/10 SST5Y2020.S1601?q=s1601&g=050XX00US36105,36027,36071,36119,36087,36079,36111_040XX00US36&tid=AC-
 []

[51]

LaTeX Warning: Reference `fig-disconnected-youth' on page 52 undefined on input line 3410.


LaTeX Warning: Reference `tbl-disconnected-youth' on page 52 undefined on input line 3411.


Overfull \hbox (60.31012pt too wide) in alignment at lines 3432--3444
 [][][][][][][][][] 
 []


Overfull \hbox (60.31012pt too wide) in alignment at lines 3444--3449
 [][][][][][][][][] 
 []


Overfull \hbox (60.31012pt too wide) in alignment at lines 3449--3451
 [][][][][][][][][] 
 []


Overfull \hbox (76.80013pt too wide) in alignment at lines 3451--3459
 [][][][][][][][][] 
 []


Package longtable Warning: Column widths have changed
(longtable)                in table 7.18 on input line 3459.

[52]

LaTeX Warning: Reference `fig-residential-segregation' on page 53 undefined on input line 3523.


LaTeX Warning: Reference `tbl-residential-segregation' on page 53 undefined on input line 3524.


Overfull \hbox (60.31012pt too wide) in alignment at lines 3541--3553
 [][][][][][][][][] 
 []


Overfull \hbox (60.31012pt too wide) in alignment at lines 3553--3558
 [][][][][][][][][] 
 []


Overfull \hbox (60.31012pt too wide) in alignment at lines 3558--3560
 [][][][][][][][][] 
 []


Overfull \hbox (76.80013pt too wide) in alignment at lines 3560--3567
 [][][][][][][][][] 
 []

[53]

Package longtable Warning: Column widths have changed
(longtable)                in table 7.19 on input line 3567.


LaTeX Warning: Reference `fig-medical-care-cost' on page 54 undefined on input line 3610.


LaTeX Warning: Reference `tbl-adult-medical-care-cost' on page 54 undefined on input line 3611.

[54]
Overfull \hbox (60.31012pt too wide) in alignment at lines 3628--3640
 [][][][][][][][][] 
 []


Overfull \hbox (60.31012pt too wide) in alignment at lines 3640--3645
 [][][][][][][][][] 
 []


Overfull \hbox (60.31012pt too wide) in alignment at lines 3645--3647
 [][][][][][][][][] 
 []


Overfull \hbox (60.31012pt too wide) in alignment at lines 3647--3652
 [][][][][][][][][] 
 []

[55]

LaTeX Warning: Reference `fig-children-uninsured' on page 56 undefined on input line 3700.


LaTeX Warning: Reference `tbl-children-uninsured' on page 56 undefined on input line 3701.


Overfull \hbox (60.31012pt too wide) in alignment at lines 3718--3730
 [][][][][][][][][] 
 []


Overfull \hbox (60.31012pt too wide) in alignment at lines 3730--3735
 [][][][][][][][][] 
 []


Overfull \hbox (60.31012pt too wide) in alignment at lines 3735--3737
 [][][][][][][][][] 
 []


Overfull \hbox (60.31012pt too wide) in alignment at lines 3737--3743
 [][][][][][][][][] 
 []


Underfull \hbox (badness 10000) in paragraph at lines 3747--3750
\TU/lmr/m/n/10 July 2025 https://www.cen-sus.gov/data-tools/demo/sahie/#/?AGE-
 []


Overfull \hbox (218.16708pt too wide) in paragraph at lines 3747--3750
\TU/lmr/m/n/10 CAT=1&state_county=36000,36027,36071,36079,36087,36105,36111,36119&s_searchtype=sc&tableYears=2022&map_yearS-
 []


LaTeX Warning: Reference `fig-adult-health-insured' on page 56 undefined on input line 3763.


LaTeX Warning: Reference `tbl-adult-health-insured' on page 56 undefined on input line 3764.

[56]
Overfull \hbox (60.31012pt too wide) in alignment at lines 3781--3793
 [][][][][][][][][] 
 []


Overfull \hbox (60.31012pt too wide) in alignment at lines 3793--3798
 [][][][][][][][][] 
 []


Overfull \hbox (60.31012pt too wide) in alignment at lines 3798--3800
 [][][][][][][][][] 
 []


Overfull \hbox (60.31012pt too wide) in alignment at lines 3800--3806
 [][][][][][][][][] 
 []


Underfull \hbox (badness 10000) in paragraph at lines 3810--3813
[]\TU/lmr/m/n/10 Source: US Cen-sus Bu-reau; Small Area Health In-sur-ance
 []


Underfull \hbox (badness 10000) in paragraph at lines 3810--3813
\TU/lmr/m/n/10 Es-ti-mates, 2023, Au-gust 2025 https://www.cen-sus.gov/data-
 []


Overfull \hbox (174.17548pt too wide) in paragraph at lines 3810--3813
\TU/lmr/m/n/10 tools/demo/sahie/#/?state_county=36000,36027,36071,36079,36087,36105,36111,36119&s_searchtype=sc&s_mea-
 []


Underfull \hbox (badness 10000) in paragraph at lines 3810--3813
\TU/lmr/m/n/10 sures=ic_snc&RACE-CAT=0&AGE-CAT=1&map_yearS-e-lec-
 []

[57]

LaTeX Warning: Reference `tbl-medically-underserved' on page 58 undefined on input line 3854.


Overfull \hbox (391.13005pt too wide) in alignment at lines 3873--3913
 [][][][][] 
 []


Package longtable Warning: Column widths have changed
(longtable)                in table 7.23 on input line 3913.

[58]

LaTeX Warning: Reference `fig-primary-care-providers' on page 59 undefined on input line 3944.


LaTeX Warning: Reference `tbl-primary-care-providers' on page 59 undefined on input line 3945.


Overfull \hbox (60.31012pt too wide) in alignment at lines 3962--3974
 [][][][][][][][][] 
 []


Overfull \hbox (60.31012pt too wide) in alignment at lines 3974--3979
 [][][][][][][][][] 
 []


Overfull \hbox (60.31012pt too wide) in alignment at lines 3979--3981
 [][][][][][][][][] 
 []


Overfull \hbox (74.40012pt too wide) in alignment at lines 3981--3989
 [][][][][][][][][] 
 []


Package longtable Warning: Column widths have changed
(longtable)                in table 7.24 on input line 3989.


Underfull \hbox (badness 7685) in paragraph at lines 3993--3997
[]\TU/lmr/m/n/10 Source: Uni-ver-sity of Wis-con-sin Pop-u-la-tion Health In-sti-tute.
 []


Underfull \hbox (badness 1831) in paragraph at lines 3993--3997
\TU/lmr/m/n/10 County Health Rank-ings & Roadmaps, June 2025 sourced from
 []


Underfull \hbox (badness 1184) in paragraph at lines 3993--3997
\TU/lmr/m/n/10 Area Health Re-sources Files 2022--2023, and the Amer-i-can Med-i-
 []

[59]

LaTeX Warning: Reference `fig-dentists' on page 60 undefined on input line 4014.


LaTeX Warning: Reference `tbl-dentists' on page 60 undefined on input line 4015.


Overfull \hbox (60.31012pt too wide) in alignment at lines 4031--4042
 [][][][][][][][][] 
 []


Overfull \hbox (60.31012pt too wide) in alignment at lines 4042--4047
 [][][][][][][][][] 
 []


Overfull \hbox (60.31012pt too wide) in alignment at lines 4047--4049
 [][][][][][][][][] 
 []


Overfull \hbox (74.40012pt too wide) in alignment at lines 4049--4059
 [][][][][][][][][] 
 []


Package longtable Warning: Column widths have changed
(longtable)                in table 7.25 on input line 4059.


LaTeX Warning: Reference `fig-mental-health-providers' on page 60 undefined on input line 4085.


LaTeX Warning: Reference `tbl-mental-health-providers' on page 60 undefined on input line 4086.

[60]
Overfull \hbox (60.31012pt too wide) in alignment at lines 4103--4115
 [][][][][][][][][] 
 []


Overfull \hbox (60.31012pt too wide) in alignment at lines 4115--4120
 [][][][][][][][][] 
 []


Overfull \hbox (60.31012pt too wide) in alignment at lines 4120--4122
 [][][][][][][][][] 
 []


Overfull \hbox (62.53012pt too wide) in alignment at lines 4122--4128
 [][][][][][][][][] 
 []


Package longtable Warning: Column widths have changed
(longtable)                in table 7.26 on input line 4128.


Underfull \hbox (badness 1097) in paragraph at lines 4132--4136
\TU/lmr/m/n/10 Health Rank-ings & Roadmaps, June 2025 sourced from Na-tional
 []


Underfull \hbox (badness 2005) in paragraph at lines 4132--4136
\TU/lmr/m/n/10 Provider Iden-ti-fi-ca-tion Reg-istry, Cen-ters for Med-i-caid and Medi-
 []


LaTeX Warning: Reference `fig-adult-access-primary-care' on page 61 undefined on input line 4162.


LaTeX Warning: Reference `tbl-adult-access-primary-care' on page 61 undefined on input line 4163.

[61]

Package hyperref Warning: Suppressing link with empty target on input line 4185.


Overfull \hbox (117.79013pt too wide) in alignment at lines 4189--4201
 [][][][][][][][][][] 
 []


Overfull \hbox (117.79013pt too wide) in alignment at lines 4201--4206
 [][][][][][][][][][] 
 []


Overfull \hbox (117.79013pt too wide) in alignment at lines 4206--4208
 [][][][][][][][][][] 
 []


Overfull \hbox (117.79013pt too wide) in alignment at lines 4208--4213
 [][][][][][][][][][] 
 []


Underfull \hbox (badness 3439) in paragraph at lines 4217--4220
[]\TU/lmr/m/n/10 Source: NYS Com-mu-nity Health In-di-ca-tor Re-ports Dash-board,
 []


Underfull \hbox (badness 2913) in paragraph at lines 4217--4220
\TU/lmr/m/n/10 July 2025 sourced from NYS-DOH Be-hav-ioral Health Risk Fac-
 []


Underfull \hbox (badness 10000) in paragraph at lines 4217--4220
\TU/lmr/m/n/10 tor Surveil-lance Sur-vey https://webbi1.health.ny.gov/SAS-Stored-
 []


Underfull \hbox (badness 10000) in paragraph at lines 4217--4220
\TU/lmr/m/n/10 Pro-cess/guest?_pro-gram=/EBI/PHIG/apps/dash-board/pa_dash-
 []

[62]

LaTeX Warning: Reference `fig-pph' on page 63 undefined on input line 4265.


LaTeX Warning: Reference `tbl-pph' on page 63 undefined on input line 4266.


Overfull \hbox (130.21014pt too wide) in alignment at lines 4283--4295
 [][][][][][][][][][] 
 []


Overfull \hbox (130.21014pt too wide) in alignment at lines 4295--4300
 [][][][][][][][][][] 
 []


Overfull \hbox (130.21014pt too wide) in alignment at lines 4300--4302
 [][][][][][][][][][] 
 []


Overfull \hbox (155.18015pt too wide) in alignment at lines 4302--4306
 [][][][][][][][][][] 
 []


Package longtable Warning: Column widths have changed
(longtable)                in table 7.28 on input line 4306.

[63]

LaTeX Warning: Reference `fig-pph-black-white-nh' on page 64 undefined on input line 4347.


LaTeX Warning: Reference `tbl-pph-black-white-nh' on page 64 undefined on input line 4348.


LaTeX Warning: Reference `fig-pph-black-white-nh' on page 64 undefined on input line 4349.


Overfull \hbox (204.65015pt too wide) in alignment at lines 4370--4383
 [][][][][][][][][][][] 
 []


Overfull \hbox (204.65015pt too wide) in alignment at lines 4383--4388
 [][][][][][][][][][][] 
 []


Overfull \hbox (204.65015pt too wide) in alignment at lines 4388--4390
 [][][][][][][][][][][] 
 []


Overfull \hbox (206.87015pt too wide) in alignment at lines 4390--4400
 [][][][][][][][][][][] 
 []

[64]

Package longtable Warning: Column widths have changed
(longtable)                in table 7.29 on input line 4400.


Underfull \hbox (badness 2368) in paragraph at lines 4404--4407
\TU/lmr/m/n/10 sourced from NY Statewide Plan-ning and Re-search Co-op-er-a-tive
 []


Overfull \hbox (204.65015pt too wide) in alignment at lines 4449--4462
 [][][][][][][][][][][] 
 []


Overfull \hbox (204.65015pt too wide) in alignment at lines 4462--4467
 [][][][][][][][][][][] 
 []


Overfull \hbox (204.65015pt too wide) in alignment at lines 4467--4469
 [][][][][][][][][][][] 
 []


Overfull \hbox (204.65015pt too wide) in alignment at lines 4469--4479
 [][][][][][][][][][][] 
 []

[65]
Underfull \hbox (badness 1152) in paragraph at lines 4483--4486
[]\TU/lmr/m/n/10 Source: NYS Pre-ven-tion Agenda Track-ing Dash-board, July 2025
 []


Underfull \hbox (badness 2368) in paragraph at lines 4483--4486
\TU/lmr/m/n/10 sourced from NY Statewide Plan-ning and Re-search Co-op-er-a-tive
 []

[66]

LaTeX Warning: Reference `fig-food-environment' on page 67 undefined on input line 4565.


LaTeX Warning: Reference `tbl-food-environment' on page 67 undefined on input line 4565.


Overfull \hbox (51.83012pt too wide) in alignment at lines 4582--4594
 [][][][][][][][][] 
 []


Overfull \hbox (51.83012pt too wide) in alignment at lines 4594--4599
 [][][][][][][][][] 
 []


Overfull \hbox (51.83012pt too wide) in alignment at lines 4599--4601
 [][][][][][][][][] 
 []


Overfull \hbox (51.83012pt too wide) in alignment at lines 4601--4606
 [][][][][][][][][] 
 []

[67]

LaTeX Warning: Reference `fig-food-insecurity' on page 68 undefined on input line 4632.


LaTeX Warning: Reference `tbl-food-insecurity' on page 68 undefined on input line 4633.


LaTeX Warning: Reference `fig-limited-healthy-foods' on page 68 undefined on input line 4650.


LaTeX Warning: Reference `tbl-limited-healthy-foods' on page 68 undefined on input line 4651.

[68]
Overfull \hbox (51.83012pt too wide) in alignment at lines 4668--4680
 [][][][][][][][][] 
 []


Overfull \hbox (51.83012pt too wide) in alignment at lines 4680--4685
 [][][][][][][][][] 
 []


Overfull \hbox (51.83012pt too wide) in alignment at lines 4685--4687
 [][][][][][][][][] 
 []


Overfull \hbox (51.83012pt too wide) in alignment at lines 4687--4691
 [][][][][][][][][] 
 []

[69]

LaTeX Warning: Reference `fig-violent-crime' on page 70 undefined on input line 4735.


LaTeX Warning: Reference `tbl-violent-crime' on page 70 undefined on input line 4735.


Overfull \hbox (138.69014pt too wide) in alignment at lines 4752--4764
 [][][][][][][][][][] 
 []


Overfull \hbox (138.69014pt too wide) in alignment at lines 4764--4769
 [][][][][][][][][][] 
 []


Overfull \hbox (138.69014pt too wide) in alignment at lines 4769--4771
 [][][][][][][][][][] 
 []


Overfull \hbox (140.91014pt too wide) in alignment at lines 4771--4781
 [][][][][][][][][][] 
 []


Package longtable Warning: Column widths have changed
(longtable)                in table 7.33 on input line 4781.

[70]

LaTeX Warning: Reference `fig-density-matter' on page 71 undefined on input line 4823.


LaTeX Warning: Reference `tbl-density-matter' on page 71 undefined on input line 4823.


Overfull \hbox (60.31012pt too wide) in alignment at lines 4840--4852
 [][][][][][][][][] 
 []


Overfull \hbox (60.31012pt too wide) in alignment at lines 4852--4857
 [][][][][][][][][] 
 []


Overfull \hbox (60.31012pt too wide) in alignment at lines 4857--4859
 [][][][][][][][][] 
 []


Overfull \hbox (60.31012pt too wide) in alignment at lines 4859--4865
 [][][][][][][][][] 
 []


Underfull \hbox (badness 10000) in paragraph at lines 4869--4874
\TU/lmr/m/n/10 data/new-york?year=2025&mea-sure=Air+Pol-lu-tion%3A+Par-tic-u-
 []

[71] [72]

LaTeX Warning: Reference `fig-lead-children' on page 73 undefined on input line 4944.


LaTeX Warning: Reference `tbl-lead-children' on page 73 undefined on input line 4945.


Overfull \hbox (126.27013pt too wide) in alignment at lines 4962--4974
 [][][][][][][][][][] 
 []


Overfull \hbox (126.27013pt too wide) in alignment at lines 4974--4979
 [][][][][][][][][][] 
 []


Overfull \hbox (126.27013pt too wide) in alignment at lines 4979--4981
 [][][][][][][][][][] 
 []


Overfull \hbox (126.27013pt too wide) in alignment at lines 4981--4987
 [][][][][][][][][][] 
 []

[73]

LaTeX Warning: Reference `fig-severe-housing' on page 74 undefined on input line 5036.


LaTeX Warning: Reference `tbl-severe-housing' on page 74 undefined on input line 5036.


Overfull \hbox (76.89014pt too wide) in alignment at lines 5053--5065
 [][][][][][][][][][] 
 []


Overfull \hbox (76.89014pt too wide) in alignment at lines 5065--5070
 [][][][][][][][][][] 
 []


Overfull \hbox (76.89014pt too wide) in alignment at lines 5070--5072
 [][][][][][][][][][] 
 []


Overfull \hbox (106.58014pt too wide) in alignment at lines 5072--5076
 [][][][][][][][][][] 
 []


Package longtable Warning: Column widths have changed
(longtable)                in table 7.36 on input line 5076.


Underfull \hbox (badness 7685) in paragraph at lines 5080--5085
[]\TU/lmr/m/n/10 Source: Uni-ver-sity of Wis-con-sin Pop-u-la-tion Health In-sti-tute.
 []


Underfull \hbox (badness 10000) in paragraph at lines 5080--5085
\TU/lmr/m/n/10 County Health Rank-ings & Roadmaps, July 2025 sourced
 []


Underfull \hbox (badness 10000) in paragraph at lines 5080--5085
\TU/lmr/m/n/10 from US Cen-sus Bu-reau, Com-pre-hen-sive Hous-ing Af-ford-abil-
 []


Underfull \hbox (badness 10000) in paragraph at lines 5080--5085
\TU/lmr/m/n/10 ity Strat-egy data https://www.coun-ty-healthrank-ings.org/health-
 []


Underfull \hbox (badness 10000) in paragraph at lines 5080--5085
\TU/lmr/m/n/10 data/newyork?year=2025&mea-sure=Se-vere+Hous-ing+Prob-
 []


Underfull \hbox (badness 10000) in paragraph at lines 5080--5085
\TU/lmr/m/n/10 lems&tab=1https%3A%2F%2Fwebbi1.health.ny.gov%2FSAS-Stored-Pro-
 []


Overfull \hbox (6.21997pt too wide) in paragraph at lines 5080--5085
\TU/lmr/m/n/10 cess%2Fguest %3F_pro-gram%3D%2FEBI%2FPHIG%2Fapps%2Fchir_dash-
 []

[74]

LaTeX Warning: Reference `fig-no-vehicles' on page 75 undefined on input line 5111.


LaTeX Warning: Reference `tbl-no-vehicles' on page 75 undefined on input line 5111.


Overfull \hbox (60.31012pt too wide) in alignment at lines 5128--5140
 [][][][][][][][][] 
 []


Overfull \hbox (60.31012pt too wide) in alignment at lines 5140--5145
 [][][][][][][][][] 
 []


Overfull \hbox (60.31012pt too wide) in alignment at lines 5145--5147
 [][][][][][][][][] 
 []


Overfull \hbox (60.31012pt too wide) in alignment at lines 5147--5152
 [][][][][][][][][] 
 []


Underfull \hbox (badness 10000) in paragraph at lines 5156--5159
[]\TU/lmr/m/n/10 Source: US Cen-sus Bu-reau; Amer-i-can Com-mu-nity Sur-
 []


Underfull \hbox (badness 10000) in paragraph at lines 5156--5159
\TU/lmr/m/n/10 vey, 2023 Amer-i-can Com-mu-nity Sur-vey 5-Year Es-ti-
 []


Underfull \hbox (badness 10000) in paragraph at lines 5156--5159
\TU/lmr/m/n/10 mates, Ta-ble DP04, April 2025 https://data.cen-sus.gov/ta-
 []


Overfull \hbox (157.04688pt too wide) in paragraph at lines 5156--5159
\TU/lmr/m/n/10 ble/ACSDP5Y2022.DP04?q=dp04&g=050XX00US36105,36027,36071,36119,36087,36079,36111_040XX00US36 
 []

[75]

LaTeX Warning: Reference `fig-mode-to-work' on page 76 undefined on input line 5197.


LaTeX Warning: Reference `tbl-mode-to-work' on page 76 undefined on input line 5198.


Overfull \hbox (272.15009pt too wide) in alignment at lines 5215--5227
 [][][][][][][] 
 []


Overfull \hbox (272.15009pt too wide) in alignment at lines 5227--5232
 [][][][][][][] 
 []


Overfull \hbox (272.15009pt too wide) in alignment at lines 5232--5234
 [][][][][][][] 
 []


Overfull \hbox (284.4701pt too wide) in alignment at lines 5234--5244
 [][][][][][][] 
 []


Package longtable Warning: Column widths have changed
(longtable)                in table 7.38 on input line 5244.

ignored: Infinite glue shrinkage found in box being split [76]
Underfull \hbox (badness 10000) in paragraph at lines 5248--5252
[]\TU/lmr/m/n/10 Source: US Cen-sus Bu-reau; Amer-i-can Com-mu-nity Sur-
 []


Underfull \hbox (badness 10000) in paragraph at lines 5248--5252
\TU/lmr/m/n/10 vey, 2023 Amer-i-can Com-mu-nity Sur-vey 5-Year Es-ti-
 []


Underfull \hbox (badness 10000) in paragraph at lines 5248--5252
\TU/lmr/m/n/10 mates, Ta-ble B08141, April 2025 https://data.cen-sus.gov/ta-
 []


Overfull \hbox (99.3785pt too wide) in paragraph at lines 5248--5252
\TU/lmr/m/n/10 ble/ACSDT5Y2023.B08141?q=b08141&g=050XX00US36105,36027,36071,36119,36087,36079,3611
 []


LaTeX Warning: Reference `fig-mean-time-work' on page 77 undefined on input line 5276.


LaTeX Warning: Reference `tbl-mean-time-work' on page 77 undefined on input line 5276.


Overfull \hbox (60.31012pt too wide) in alignment at lines 5292--5303
 [][][][][][][][][] 
 []


Overfull \hbox (60.31012pt too wide) in alignment at lines 5303--5308
 [][][][][][][][][] 
 []


Overfull \hbox (60.31012pt too wide) in alignment at lines 5308--5310
 [][][][][][][][][] 
 []


Overfull \hbox (60.31012pt too wide) in alignment at lines 5310--5315
 [][][][][][][][][] 
 []

[77]
Underfull \hbox (badness 10000) in paragraph at lines 5319--5322
[]\TU/lmr/m/n/10 Source: US Cen-sus Bu-reau; Amer-i-can Com-mu-nity Sur-
 []


Underfull \hbox (badness 10000) in paragraph at lines 5319--5322
\TU/lmr/m/n/10 vey, 2023 Amer-i-can Com-mu-nity Sur-vey 5-Year Es-ti-
 []


Underfull \hbox (badness 10000) in paragraph at lines 5319--5322
\TU/lmr/m/n/10 mates, Ta-ble DP03, April 2025 https://data.cen-sus.gov/ta-
 []


Overfull \hbox (160.31029pt too wide) in paragraph at lines 5319--5322
\TU/lmr/m/n/10 ble/ACSDP5Y2023.DP03?q=DP03&g=050XX00US36105,36027,36071,36119,36087,36079,36111_040XX00US36 
 []

[78]
Chapter 8.

LaTeX Warning: Hyper reference `sec-appendix-i-community-partner-survey' on page 79 undefined on input line 5362.

[79

]

LaTeX Warning: Hyper reference `sec-appendix-j-community-partner-survey-references' on page 80 undefined on input line 5395.


LaTeX Warning: Reference `fig-dc-affect-health' on page 80 undefined on input line 5405.


LaTeX Warning: Reference `fig-dc-achieve-health' on page 80 undefined on input line 5417.


LaTeX Warning: Reference `fig-dc-impact-hlth-issue' on page 80 undefined on input line 5430.


LaTeX Warning: Reference `fig-dc-impact-sdoh' on page 80 undefined on input line 5435.


LaTeX Warning: Reference `fig-dc-eco-wellbeing' on page 80 undefined on input line 5438.


LaTeX Warning: Reference `fig-dc-impact-hlthinsur-access' on page 80 undefined on input line 5439.

[80]
Overfull \hbox (1454.22025pt too wide) in alignment at lines 5520--5537
 [][][][][][][][][][] 
 []


Overfull \hbox (1454.22025pt too wide) in alignment at lines 5537--5547
 [][][][][][][][][][] 
 []


Overfull \hbox (1454.22025pt too wide) in alignment at lines 5547--5549
 [][][][][][][][][][] 
 []


Overfull \hbox (1454.22025pt too wide) in alignment at lines 5549--5552
 [][][][][][][][][][] 
 []

[81]
Overfull \hbox (1632.68016pt too wide) in alignment at lines 5569--5586
 [][][][][][][][][][][][] 
 []


Overfull \hbox (1632.68016pt too wide) in alignment at lines 5586--5596
 [][][][][][][][][][][][] 
 []


Overfull \hbox (1632.68016pt too wide) in alignment at lines 5596--5598
 [][][][][][][][][][][][] 
 []


Overfull \hbox (1632.68016pt too wide) in alignment at lines 5598--5602
 [][][][][][][][][][][][] 
 []


Overfull \hbox (457.19012pt too wide) in alignment at lines 5619--5632
 [][][][][][][] 
 []


Overfull \hbox (457.19012pt too wide) in alignment at lines 5632--5638
 [][][][][][][] 
 []


Overfull \hbox (457.19012pt too wide) in alignment at lines 5638--5640
 [][][][][][][] 
 []


Overfull \hbox (457.19012pt too wide) in alignment at lines 5640--5647
 [][][][][][][] 
 []


Overfull \hbox (581.34012pt too wide) in alignment at lines 5671--5684
 [][][][][][] 
 []


Overfull \hbox (581.34012pt too wide) in alignment at lines 5684--5690
 [][][][][][] 
 []


Overfull \hbox (581.34012pt too wide) in alignment at lines 5690--5692
 [][][][][][] 
 []


Overfull \hbox (581.34012pt too wide) in alignment at lines 5692--5695
 [][][][][][] 
 []


Overfull \vbox (56.50897pt too high) has occurred while \output is active []

[82]
Overfull \hbox (80.19005pt too wide) in alignment at lines 5712--5724
 [][][][][] 
 []


Overfull \hbox (80.19005pt too wide) in alignment at lines 5724--5729
 [][][][][] 
 []


Overfull \hbox (80.19005pt too wide) in alignment at lines 5729--5731
 [][][][][] 
 []


Overfull \hbox (80.19005pt too wide) in alignment at lines 5731--5738
 [][][][][] 
 []


Overfull \hbox (200.1001pt too wide) in alignment at lines 5762--5774
 [][][][][][][] 
 []


Overfull \hbox (200.1001pt too wide) in alignment at lines 5774--5779
 [][][][][][][] 
 []


Overfull \hbox (200.1001pt too wide) in alignment at lines 5779--5781
 [][][][][][][] 
 []


Overfull \hbox (200.1001pt too wide) in alignment at lines 5781--5788
 [][][][][][][] 
 []

ignored: Infinite glue shrinkage found in box being split [83]
Overfull \hbox (438.15009pt too wide) in alignment at lines 5812--5825
 [][][][][] 
 []


Overfull \hbox (438.15009pt too wide) in alignment at lines 5825--5831
 [][][][][] 
 []


Overfull \hbox (438.15009pt too wide) in alignment at lines 5831--5833
 [][][][][] 
 []


Overfull \hbox (438.15009pt too wide) in alignment at lines 5833--5840
 [][][][][] 
 []


LaTeX Warning: Hyper reference `sec-appendix-j-community-partner-survey-references' on page 84 undefined on input line 5854.


LaTeX Warning: Reference `fig-oc-affect-health' on page 84 undefined on input line 5866.

[84]

LaTeX Warning: Reference `fig-oc-achieve-health' on page 85 undefined on input line 5877.


LaTeX Warning: Reference `fig-oc-impact-hlth-issue' on page 85 undefined on input line 5890.


LaTeX Warning: Reference `fig-oc-impact-sdoh' on page 85 undefined on input line 5894.


LaTeX Warning: Reference `fig-oc-eco-wellbeing' on page 85 undefined on input line 5898.


LaTeX Warning: Reference `fig-oc-impact-mhsu' on page 85 undefined on input line 5901.


LaTeX Warning: Reference `fig-oc-impact-hlthinsur-access' on page 85 undefined on input line 5905.

[85]
Overfull \hbox (1454.22025pt too wide) in alignment at lines 5976--5993
 [][][][][][][][][][] 
 []


Overfull \hbox (1454.22025pt too wide) in alignment at lines 5993--6003
 [][][][][][][][][][] 
 []


Overfull \hbox (1454.22025pt too wide) in alignment at lines 6003--6005
 [][][][][][][][][][] 
 []


Overfull \hbox (1454.22025pt too wide) in alignment at lines 6005--6008
 [][][][][][][][][][] 
 []


Overfull \hbox (1632.68016pt too wide) in alignment at lines 6025--6042
 [][][][][][][][][][][][] 
 []


Overfull \hbox (1632.68016pt too wide) in alignment at lines 6042--6052
 [][][][][][][][][][][][] 
 []


Overfull \hbox (1632.68016pt too wide) in alignment at lines 6052--6054
 [][][][][][][][][][][][] 
 []


Overfull \hbox (1632.68016pt too wide) in alignment at lines 6054--6058
 [][][][][][][][][][][][] 
 []

[86]
Overfull \hbox (457.19012pt too wide) in alignment at lines 6075--6088
 [][][][][][][] 
 []


Overfull \hbox (457.19012pt too wide) in alignment at lines 6088--6094
 [][][][][][][] 
 []


Overfull \hbox (457.19012pt too wide) in alignment at lines 6094--6096
 [][][][][][][] 
 []


Overfull \hbox (457.19012pt too wide) in alignment at lines 6096--6103
 [][][][][][][] 
 []


Overfull \hbox (581.34012pt too wide) in alignment at lines 6127--6140
 [][][][][][] 
 []


Overfull \hbox (581.34012pt too wide) in alignment at lines 6140--6146
 [][][][][][] 
 []


Overfull \hbox (581.34012pt too wide) in alignment at lines 6146--6148
 [][][][][][] 
 []


Overfull \hbox (581.34012pt too wide) in alignment at lines 6148--6151
 [][][][][][] 
 []


Overfull \hbox (80.19005pt too wide) in alignment at lines 6168--6180
 [][][][][] 
 []


Overfull \hbox (80.19005pt too wide) in alignment at lines 6180--6185
 [][][][][] 
 []


Overfull \hbox (80.19005pt too wide) in alignment at lines 6185--6187
 [][][][][] 
 []


Overfull \hbox (80.19005pt too wide) in alignment at lines 6187--6194
 [][][][][] 
 []


Overfull \vbox (27.529pt too high) has occurred while \output is active []

[87]
Overfull \hbox (200.1001pt too wide) in alignment at lines 6218--6230
 [][][][][][][] 
 []


Overfull \hbox (200.1001pt too wide) in alignment at lines 6230--6235
 [][][][][][][] 
 []


Overfull \hbox (200.1001pt too wide) in alignment at lines 6235--6237
 [][][][][][][] 
 []


Overfull \hbox (200.1001pt too wide) in alignment at lines 6237--6244
 [][][][][][][] 
 []


Overfull \hbox (438.15009pt too wide) in alignment at lines 6268--6281
 [][][][][] 
 []


Overfull \hbox (438.15009pt too wide) in alignment at lines 6281--6287
 [][][][][] 
 []


Overfull \hbox (438.15009pt too wide) in alignment at lines 6287--6289
 [][][][][] 
 []


Overfull \hbox (438.15009pt too wide) in alignment at lines 6289--6296
 [][][][][] 
 []

[88]

LaTeX Warning: Hyper reference `sec-appendix-k-putnam-nuvance-cbo-survey' on page 89 undefined on input line 6316.

[89]

LaTeX Warning: Reference `fig-pc-big-hlth-prob' on page 90 undefined on input line 6350.


LaTeX Warning: Reference `fig-pc-help-improve-hlth' on page 90 undefined on input line 6365.


LaTeX Warning: Reference `fig-pc-help-hlth-screen-education' on page 90 undefined on input line 6381.


LaTeX Warning: Reference `fig-pc-reason-no-hlthcare' on page 90 undefined on input line 6387.


LaTeX Warning: Hyper reference `sec-appendix-l-mid-hudson-regional-community-health-survey' on page 90 undefined on input line 6406.

[90]

LaTeX Warning: Reference `fig-pc-trust-hlth-source' on page 91 undefined on input line 6435.

[91]

LaTeX Warning: Hyper reference `sec-appendix-j-community-partner-survey-references' on page 92 undefined on input line 6549.


LaTeX Warning: Reference `fig-rc-affect-health' on page 92 undefined on input line 6559.

[92]

LaTeX Warning: Reference `fig-rc-achieve-health' on page 93 undefined on input line 6571.


LaTeX Warning: Reference `fig-rc-impact-hlth-issue' on page 93 undefined on input line 6582.


LaTeX Warning: Reference `fig-rc-impact-sdoh' on page 93 undefined on input line 6596.


LaTeX Warning: Reference `fig-rc-impact-eco-wellbeing' on page 93 undefined on input line 6608.


LaTeX Warning: Reference `fig-rc-impact-mhsu' on page 93 undefined on input line 6612.


LaTeX Warning: Reference `fig-rc-impact-hlthinsur-access' on page 93 undefined on input line 6617.


LaTeX Warning: Reference `fig-rc-affect-health' on page 93 undefined on input line 6631.


LaTeX Warning: Reference `fig-rc-impact-hlthinsur-access' on page 93 undefined on input line 6632.

[93] [94]
Overfull \hbox (1454.22025pt too wide) in alignment at lines 6725--6742
 [][][][][][][][][][] 
 []


Overfull \hbox (1454.22025pt too wide) in alignment at lines 6742--6752
 [][][][][][][][][][] 
 []


Overfull \hbox (1454.22025pt too wide) in alignment at lines 6752--6754
 [][][][][][][][][][] 
 []


Overfull \hbox (1454.22025pt too wide) in alignment at lines 6754--6757
 [][][][][][][][][][] 
 []


Overfull \hbox (1632.68016pt too wide) in alignment at lines 6774--6791
 [][][][][][][][][][][][] 
 []


Overfull \hbox (1632.68016pt too wide) in alignment at lines 6791--6801
 [][][][][][][][][][][][] 
 []


Overfull \hbox (1632.68016pt too wide) in alignment at lines 6801--6803
 [][][][][][][][][][][][] 
 []


Overfull \hbox (1632.68016pt too wide) in alignment at lines 6803--6807
 [][][][][][][][][][][][] 
 []

[95]
Overfull \hbox (457.19012pt too wide) in alignment at lines 6834--6847
 [][][][][][][] 
 []


Overfull \hbox (457.19012pt too wide) in alignment at lines 6847--6853
 [][][][][][][] 
 []


Overfull \hbox (457.19012pt too wide) in alignment at lines 6853--6855
 [][][][][][][] 
 []


Overfull \hbox (457.19012pt too wide) in alignment at lines 6855--6862
 [][][][][][][] 
 []


Overfull \hbox (581.34012pt too wide) in alignment at lines 6886--6899
 [][][][][][] 
 []


Overfull \hbox (581.34012pt too wide) in alignment at lines 6899--6905
 [][][][][][] 
 []


Overfull \hbox (581.34012pt too wide) in alignment at lines 6905--6907
 [][][][][][] 
 []


Overfull \hbox (581.34012pt too wide) in alignment at lines 6907--6910
 [][][][][][] 
 []

[96]
Overfull \hbox (80.19005pt too wide) in alignment at lines 6927--6939
 [][][][][] 
 []


Overfull \hbox (80.19005pt too wide) in alignment at lines 6939--6944
 [][][][][] 
 []


Overfull \hbox (80.19005pt too wide) in alignment at lines 6944--6946
 [][][][][] 
 []


Overfull \hbox (80.19005pt too wide) in alignment at lines 6946--6953
 [][][][][] 
 []


Overfull \hbox (200.1001pt too wide) in alignment at lines 6977--6989
 [][][][][][][] 
 []


Overfull \hbox (200.1001pt too wide) in alignment at lines 6989--6994
 [][][][][][][] 
 []


Overfull \hbox (200.1001pt too wide) in alignment at lines 6994--6996
 [][][][][][][] 
 []


Overfull \hbox (200.1001pt too wide) in alignment at lines 6996--7003
 [][][][][][][] 
 []

ignored: Infinite glue shrinkage found in box being split [97]
Overfull \hbox (438.15009pt too wide) in alignment at lines 7027--7040
 [][][][][] 
 []


Overfull \hbox (438.15009pt too wide) in alignment at lines 7040--7046
 [][][][][] 
 []


Overfull \hbox (438.15009pt too wide) in alignment at lines 7046--7048
 [][][][][] 
 []


Overfull \hbox (438.15009pt too wide) in alignment at lines 7048--7055
 [][][][][] 
 []


LaTeX Warning: Hyper reference `sec-appendix-j-community-partner-survey-references' on page 98 undefined on input line 7072.


LaTeX Warning: Reference `fig-sc-affect-health' on page 98 undefined on input line 7076.

[98]

LaTeX Warning: Reference `fig-sc-achieve-health' on page 99 undefined on input line 7088.


LaTeX Warning: Reference `fig-sc-impact-hlth-issue' on page 99 undefined on input line 7100.


LaTeX Warning: Reference `fig-sc-impact-sdoh' on page 99 undefined on input line 7114.


LaTeX Warning: Reference `fig-sc-impact-mhsu' on page 99 undefined on input line 7136.


LaTeX Warning: Reference `fig-sc-impact-hlthinsur-access' on page 99 undefined on input line 7137.

[99]
Overfull \hbox (1454.22025pt too wide) in alignment at lines 7197--7213
 [][][][][][][][][][] 
 []


Overfull \hbox (1454.22025pt too wide) in alignment at lines 7213--7222
 [][][][][][][][][][] 
 []


Overfull \hbox (1454.22025pt too wide) in alignment at lines 7222--7224
 [][][][][][][][][][] 
 []


Overfull \hbox (1454.22025pt too wide) in alignment at lines 7224--7227
 [][][][][][][][][][] 
 []


Overfull \hbox (1629.35016pt too wide) in alignment at lines 7244--7261
 [][][][][][][][][][][][] 
 []


Overfull \hbox (1629.35016pt too wide) in alignment at lines 7261--7271
 [][][][][][][][][][][][] 
 []


Overfull \hbox (1629.35016pt too wide) in alignment at lines 7271--7273
 [][][][][][][][][][][][] 
 []


Overfull \hbox (1629.35016pt too wide) in alignment at lines 7273--7277
 [][][][][][][][][][][][] 
 []


Overfull \hbox (457.19012pt too wide) in alignment at lines 7294--7307
 [][][][][][][] 
 []


Overfull \hbox (457.19012pt too wide) in alignment at lines 7307--7313
 [][][][][][][] 
 []


Overfull \hbox (457.19012pt too wide) in alignment at lines 7313--7315
 [][][][][][][] 
 []


Overfull \hbox (457.19012pt too wide) in alignment at lines 7315--7322
 [][][][][][][] 
 []

[100]
Overfull \hbox (581.34012pt too wide) in alignment at lines 7346--7359
 [][][][][][] 
 []


Overfull \hbox (581.34012pt too wide) in alignment at lines 7359--7365
 [][][][][][] 
 []


Overfull \hbox (581.34012pt too wide) in alignment at lines 7365--7367
 [][][][][][] 
 []


Overfull \hbox (581.34012pt too wide) in alignment at lines 7367--7370
 [][][][][][] 
 []


Overfull \hbox (80.19005pt too wide) in alignment at lines 7387--7399
 [][][][][] 
 []


Overfull \hbox (80.19005pt too wide) in alignment at lines 7399--7404
 [][][][][] 
 []


Overfull \hbox (80.19005pt too wide) in alignment at lines 7404--7406
 [][][][][] 
 []


Overfull \hbox (80.19005pt too wide) in alignment at lines 7406--7413
 [][][][][] 
 []

ignored: Infinite glue shrinkage found in box being split [101]
Overfull \hbox (200.1001pt too wide) in alignment at lines 7437--7449
 [][][][][][][] 
 []


Overfull \hbox (200.1001pt too wide) in alignment at lines 7449--7454
 [][][][][][][] 
 []


Overfull \hbox (200.1001pt too wide) in alignment at lines 7454--7456
 [][][][][][][] 
 []


Overfull \hbox (200.1001pt too wide) in alignment at lines 7456--7463
 [][][][][][][] 
 []


Overfull \hbox (438.15009pt too wide) in alignment at lines 7487--7500
 [][][][][] 
 []


Overfull \hbox (438.15009pt too wide) in alignment at lines 7500--7506
 [][][][][] 
 []


Overfull \hbox (438.15009pt too wide) in alignment at lines 7506--7508
 [][][][][] 
 []


Overfull \hbox (438.15009pt too wide) in alignment at lines 7508--7515
 [][][][][] 
 []

[102]

LaTeX Warning: Hyper reference `sec-appendix-j-community-partner-survey-references' on page 103 undefined on input line 7530.


LaTeX Warning: Reference `fig-uc-affect-health' on page 103 undefined on input line 7533.


LaTeX Warning: Reference `fig-uc-achieve-health' on page 103 undefined on input line 7545.


LaTeX Warning: Reference `fig-uc-impact-hlth-issue' on page 103 undefined on input line 7558.

[103]
Overfull \hbox (1454.22025pt too wide) in alignment at lines 7611--7628
 [][][][][][][][][][] 
 []


Overfull \hbox (1454.22025pt too wide) in alignment at lines 7628--7638
 [][][][][][][][][][] 
 []


Overfull \hbox (1454.22025pt too wide) in alignment at lines 7638--7640
 [][][][][][][][][][] 
 []


Overfull \hbox (1454.22025pt too wide) in alignment at lines 7640--7643
 [][][][][][][][][][] 
 []


Overfull \hbox (1632.68016pt too wide) in alignment at lines 7660--7677
 [][][][][][][][][][][][] 
 []


Overfull \hbox (1632.68016pt too wide) in alignment at lines 7677--7687
 [][][][][][][][][][][][] 
 []


Overfull \hbox (1632.68016pt too wide) in alignment at lines 7687--7689
 [][][][][][][][][][][][] 
 []


Overfull \hbox (1632.68016pt too wide) in alignment at lines 7689--7693
 [][][][][][][][][][][][] 
 []

[104]
Overfull \hbox (457.19012pt too wide) in alignment at lines 7718--7731
 [][][][][][][] 
 []


Overfull \hbox (457.19012pt too wide) in alignment at lines 7731--7737
 [][][][][][][] 
 []


Overfull \hbox (457.19012pt too wide) in alignment at lines 7737--7739
 [][][][][][][] 
 []


Overfull \hbox (457.19012pt too wide) in alignment at lines 7739--7746
 [][][][][][][] 
 []


Overfull \hbox (581.34012pt too wide) in alignment at lines 7770--7783
 [][][][][][] 
 []


Overfull \hbox (581.34012pt too wide) in alignment at lines 7783--7789
 [][][][][][] 
 []


Overfull \hbox (581.34012pt too wide) in alignment at lines 7789--7791
 [][][][][][] 
 []


Overfull \hbox (581.34012pt too wide) in alignment at lines 7791--7794
 [][][][][][] 
 []


Overfull \hbox (80.19005pt too wide) in alignment at lines 7811--7823
 [][][][][] 
 []


Overfull \hbox (80.19005pt too wide) in alignment at lines 7823--7828
 [][][][][] 
 []


Overfull \hbox (80.19005pt too wide) in alignment at lines 7828--7830
 [][][][][] 
 []


Overfull \hbox (80.19005pt too wide) in alignment at lines 7830--7837
 [][][][][] 
 []

[105]
Overfull \hbox (200.1001pt too wide) in alignment at lines 7861--7873
 [][][][][][][] 
 []


Overfull \hbox (200.1001pt too wide) in alignment at lines 7873--7878
 [][][][][][][] 
 []


Overfull \hbox (200.1001pt too wide) in alignment at lines 7878--7880
 [][][][][][][] 
 []


Overfull \hbox (200.1001pt too wide) in alignment at lines 7880--7887
 [][][][][][][] 
 []


Overfull \hbox (438.15009pt too wide) in alignment at lines 7911--7924
 [][][][][] 
 []


Overfull \hbox (438.15009pt too wide) in alignment at lines 7924--7930
 [][][][][] 
 []


Overfull \hbox (438.15009pt too wide) in alignment at lines 7930--7932
 [][][][][] 
 []


Overfull \hbox (438.15009pt too wide) in alignment at lines 7932--7939
 [][][][][] 
 []

[106]

LaTeX Warning: Hyper reference `sec-appendix-j-community-partner-survey-references' on page 107 undefined on input line 7953.


LaTeX Warning: Reference `fig-wc-affect-health' on page 107 undefined on input line 7955.


LaTeX Warning: Reference `fig-wc-achieve-health' on page 107 undefined on input line 7974.

[107]

LaTeX Warning: Reference `fig-wc-impact-hlth-issue' on page 108 undefined on input line 7990.

[108]
Overfull \hbox (1454.22025pt too wide) in alignment at lines 8059--8076
 [][][][][][][][][][] 
 []


Overfull \hbox (1454.22025pt too wide) in alignment at lines 8076--8086
 [][][][][][][][][][] 
 []


Overfull \hbox (1454.22025pt too wide) in alignment at lines 8086--8088
 [][][][][][][][][][] 
 []


Overfull \hbox (1454.22025pt too wide) in alignment at lines 8088--8091
 [][][][][][][][][][] 
 []


Overfull \hbox (1629.35016pt too wide) in alignment at lines 8108--8125
 [][][][][][][][][][][][] 
 []


Overfull \hbox (1629.35016pt too wide) in alignment at lines 8125--8135
 [][][][][][][][][][][][] 
 []


Overfull \hbox (1629.35016pt too wide) in alignment at lines 8135--8137
 [][][][][][][][][][][][] 
 []


Overfull \hbox (1629.35016pt too wide) in alignment at lines 8137--8141
 [][][][][][][][][][][][] 
 []


Overfull \hbox (457.19012pt too wide) in alignment at lines 8166--8179
 [][][][][][][] 
 []


Overfull \hbox (457.19012pt too wide) in alignment at lines 8179--8185
 [][][][][][][] 
 []


Overfull \hbox (457.19012pt too wide) in alignment at lines 8185--8187
 [][][][][][][] 
 []


Overfull \hbox (457.19012pt too wide) in alignment at lines 8187--8194
 [][][][][][][] 
 []

[109]
Overfull \hbox (581.34012pt too wide) in alignment at lines 8218--8231
 [][][][][][] 
 []


Overfull \hbox (581.34012pt too wide) in alignment at lines 8231--8237
 [][][][][][] 
 []


Overfull \hbox (581.34012pt too wide) in alignment at lines 8237--8239
 [][][][][][] 
 []


Overfull \hbox (581.34012pt too wide) in alignment at lines 8239--8242
 [][][][][][] 
 []


Overfull \hbox (80.19005pt too wide) in alignment at lines 8266--8278
 [][][][][] 
 []


Overfull \hbox (80.19005pt too wide) in alignment at lines 8278--8283
 [][][][][] 
 []


Overfull \hbox (80.19005pt too wide) in alignment at lines 8283--8285
 [][][][][] 
 []


Overfull \hbox (80.19005pt too wide) in alignment at lines 8285--8292
 [][][][][] 
 []

[110]
Overfull \hbox (200.1001pt too wide) in alignment at lines 8316--8328
 [][][][][][][] 
 []


Overfull \hbox (200.1001pt too wide) in alignment at lines 8328--8333
 [][][][][][][] 
 []


Overfull \hbox (200.1001pt too wide) in alignment at lines 8333--8335
 [][][][][][][] 
 []


Overfull \hbox (200.1001pt too wide) in alignment at lines 8335--8342
 [][][][][][][] 
 []


Overfull \hbox (438.15009pt too wide) in alignment at lines 8366--8379
 [][][][][] 
 []


Overfull \hbox (438.15009pt too wide) in alignment at lines 8379--8385
 [][][][][] 
 []


Overfull \hbox (438.15009pt too wide) in alignment at lines 8385--8387
 [][][][][] 
 []


Overfull \hbox (438.15009pt too wide) in alignment at lines 8387--8394
 [][][][][] 
 []

[111] [112]
Chapter 9.

LaTeX Warning: Reference `fig-brfss-leisure-pa' on page 113 undefined on input line 8432.


Overfull \hbox (130.21014pt too wide) in alignment at lines 8466--8479
 [][][][][][][][][][] 
 []


Overfull \hbox (130.21014pt too wide) in alignment at lines 8479--8484
 [][][][][][][][][][] 
 []


Overfull \hbox (130.21014pt too wide) in alignment at lines 8484--8486
 [][][][][][][][][][] 
 []


Overfull \hbox (130.21014pt too wide) in alignment at lines 8486--8491
 [][][][][][][][][][] 
 []

[113

]
Underfull \hbox (badness 10000) in paragraph at lines 8495--8497
[][]$\TU/lmr/m/n/10 https://health.data.ny.gov/Health/Behavioral-Risk-Factor-Surveillance-
 []

[114]

LaTeX Warning: Reference `fig-brfss-fruit-veg' on page 115 undefined on input line 8534.


Overfull \hbox (130.21014pt too wide) in alignment at lines 8552--8565
 [][][][][][][][][][] 
 []


Overfull \hbox (130.21014pt too wide) in alignment at lines 8565--8570
 [][][][][][][][][][] 
 []


Overfull \hbox (130.21014pt too wide) in alignment at lines 8570--8572
 [][][][][][][][][][] 
 []


Overfull \hbox (130.21014pt too wide) in alignment at lines 8572--8577
 [][][][][][][][][][] 
 []


Underfull \hbox (badness 10000) in paragraph at lines 8581--8583
[][]$\TU/lmr/m/n/10 https://health.data.ny.gov/Health/Behavioral-Risk-Factor-Surveillance-
 []

[115]

LaTeX Warning: Reference `fig-brfss-sug-bev' on page 116 undefined on input line 8619.


Overfull \hbox (130.21014pt too wide) in alignment at lines 8636--8648
 [][][][][][][][][][] 
 []


Overfull \hbox (130.21014pt too wide) in alignment at lines 8648--8653
 [][][][][][][][][][] 
 []


Overfull \hbox (130.21014pt too wide) in alignment at lines 8653--8655
 [][][][][][][][][][] 
 []


Overfull \hbox (130.21014pt too wide) in alignment at lines 8655--8660
 [][][][][][][][][][] 
 []


Underfull \hbox (badness 10000) in paragraph at lines 8664--8666
[][]$\TU/lmr/m/n/10 https://health.data.ny.gov/Health/Behavioral-Risk-Factor-Surveillance-
 []

[116] [117]
Chapter 10.

LaTeX Warning: Reference `tbl-five-lead-death-aar' on page 118 undefined on input line 8717.

[118

]
Overfull \hbox (239.33012pt too wide) in alignment at lines 8729--8744
 [][][][][][][] 
 []


Overfull \hbox (239.33012pt too wide) in alignment at lines 8744--8752
 [][][][][][][] 
 []


Overfull \hbox (239.33012pt too wide) in alignment at lines 8752--8754
 [][][][][][][] 
 []


Overfull \hbox (308.62013pt too wide) in alignment at lines 8754--8790
 [][][][][][][] 
 []


Package longtable Warning: Column widths have changed
(longtable)                in table 10.1 on input line 8790.

[119]

LaTeX Warning: Reference `fig-premature-death-percent' on page 120 undefined on input line 8816.


Overfull \hbox (196.17015pt too wide) in alignment at lines 8849--8861
 [][][][][][][][][][][] 
 []


Overfull \hbox (196.17015pt too wide) in alignment at lines 8861--8866
 [][][][][][][][][][][] 
 []


Overfull \hbox (196.17015pt too wide) in alignment at lines 8866--8868
 [][][][][][][][][][][] 
 []


Overfull \hbox (196.17015pt too wide) in alignment at lines 8868--8878
 [][][][][][][][][][][] 
 []

[120]

LaTeX Warning: Reference `fig-premature-death-percent-diff-bnhvswnh' on page 121 undefined on input line 8897.


LaTeX Warning: Reference `tbl-premature-death-percent-diff-bnhvswnh' on page 121 undefined on input line 8898.


Overfull \hbox (196.17015pt too wide) in alignment at lines 8923--8936
 [][][][][][][][][][][] 
 []


Overfull \hbox (196.17015pt too wide) in alignment at lines 8936--8941
 [][][][][][][][][][][] 
 []


Overfull \hbox (196.17015pt too wide) in alignment at lines 8941--8943
 [][][][][][][][][][][] 
 []


Overfull \hbox (196.17015pt too wide) in alignment at lines 8943--8953
 [][][][][][][][][][][] 
 []

[121]

LaTeX Warning: Reference `fig-premature-death-percent-diff-hvswnh' on page 122 undefined on input line 8973.


LaTeX Warning: Reference `tbl-premature-death-percent-diff-hvswnh' on page 122 undefined on input line 8974.


Overfull \hbox (196.17015pt too wide) in alignment at lines 8999--9012
 [][][][][][][][][][][] 
 []


Overfull \hbox (196.17015pt too wide) in alignment at lines 9012--9017
 [][][][][][][][][][][] 
 []


Overfull \hbox (196.17015pt too wide) in alignment at lines 9017--9019
 [][][][][][][][][][][] 
 []


Overfull \hbox (196.17015pt too wide) in alignment at lines 9019--9029
 [][][][][][][][][][][] 
 []


LaTeX Warning: Reference `fig-clrd-hospital-aar' on page 122 undefined on input line 9064.


LaTeX Warning: Reference `tbl-clrd-hospital-aar' on page 122 undefined on input line 9065.

[122]
Overfull \hbox (196.17015pt too wide) in alignment at lines 9082--9094
 [][][][][][][][][][][] 
 []


Overfull \hbox (196.17015pt too wide) in alignment at lines 9094--9099
 [][][][][][][][][][][] 
 []


Overfull \hbox (196.17015pt too wide) in alignment at lines 9099--9101
 [][][][][][][][][][][] 
 []


Overfull \hbox (221.14015pt too wide) in alignment at lines 9101--9105
 [][][][][][][][][][][] 
 []


Package longtable Warning: Column widths have changed
(longtable)                in table 10.5 on input line 9105.


Underfull \hbox (badness 2368) in paragraph at lines 9109--9112
\TU/lmr/m/n/10 sourced from NY Statewide Plan-ning and Re-search Co-op-er-a-tive
 []


LaTeX Warning: Reference `fig-clrd-mortal-aar' on page 123 undefined on input line 9127.

[123]
Overfull \hbox (196.17015pt too wide) in alignment at lines 9144--9158
 [][][][][][][][][][][] 
 []


Overfull \hbox (196.17015pt too wide) in alignment at lines 9158--9165
 [][][][][][][][][][][] 
 []


Overfull \hbox (196.17015pt too wide) in alignment at lines 9165--9167
 [][][][][][][][][][][] 
 []


Overfull \hbox (219.47015pt too wide) in alignment at lines 9167--9171
 [][][][][][][][][][][] 
 []


Package longtable Warning: Column widths have changed
(longtable)                in table 10.6 on input line 9171.


Underfull \hbox (badness 10000) in paragraph at lines 9175--9178
\TU/lmr/m/n/10 Pro-cess/guest?_pro-gram=%2FEBI%2FPHIG%2Fapps%2Fchir_dash-
 []


LaTeX Warning: Reference `fig-clrd-mortal-rande-aar' on page 124 undefined on input line 9198.


Overfull \hbox (194.91014pt too wide) in alignment at lines 9219--9232
 [][][][][][][][][][] 
 []


Overfull \hbox (194.91014pt too wide) in alignment at lines 9232--9237
 [][][][][][][][][][] 
 []


Overfull \hbox (194.91014pt too wide) in alignment at lines 9237--9239
 [][][][][][][][][][] 
 []


Overfull \hbox (269.13014pt too wide) in alignment at lines 9239--9248
 [][][][][][][][][][] 
 []

[124]

Package longtable Warning: Column widths have changed
(longtable)                in table 10.7 on input line 9248.


Overfull \hbox (194.91014pt too wide) in alignment at lines 9282--9295
 [][][][][][][][][][] 
 []


Overfull \hbox (194.91014pt too wide) in alignment at lines 9295--9300
 [][][][][][][][][][] 
 []


Overfull \hbox (194.91014pt too wide) in alignment at lines 9300--9302
 [][][][][][][][][][] 
 []


Overfull \hbox (269.13014pt too wide) in alignment at lines 9302--9312
 [][][][][][][][][][] 
 []


Package longtable Warning: Column widths have changed
(longtable)                in table 10.8 on input line 9312.


Underfull \hbox (badness 5417) in paragraph at lines 9316--9319
[]\TU/lmr/m/n/10 NYS County Health In-di-ca-tors by Race and Eth-nic-ity Dash-
 []


Underfull \hbox (badness 10000) in paragraph at lines 9316--9319
\TU/lmr/m/n/10 board, June 2025 sourced from Vi-tal Statis-tics of NYS
 []


Underfull \hbox (badness 10000) in paragraph at lines 9316--9319
\TU/lmr/m/n/10 https://www.health.ny.gov/statis-tics/com-mu-nity/mi-nor-ity/county/or-
 []


Overfull \vbox (6.17426pt too high) has occurred while \output is active []

[125]

LaTeX Warning: Reference `fig-brfss-adult-asthma' on page 126 undefined on input line 9350.


LaTeX Warning: Reference `tbl-brfss-adult-asthma' on page 126 undefined on input line 9351.


Overfull \hbox (196.17015pt too wide) in alignment at lines 9374--9386
 [][][][][][][][][][][] 
 []


Overfull \hbox (196.17015pt too wide) in alignment at lines 9386--9391
 [][][][][][][][][][][] 
 []


Overfull \hbox (196.17015pt too wide) in alignment at lines 9391--9393
 [][][][][][][][][][][] 
 []


Overfull \hbox (196.17015pt too wide) in alignment at lines 9393--9399
 [][][][][][][][][][][] 
 []

[126]
Underfull \hbox (badness 1092) in paragraph at lines 9403--9405
[]\TU/lmr/m/n/10 NYS-DOH Be-hav-ioral Risk Fac-tor Surveil-lance Sys-tem, June 2025
 []


Underfull \hbox (badness 10000) in paragraph at lines 9403--9405
\TU/lmr/m/n/10 https://health.data.ny.gov/Health/Behavioral-Risk-Factor-Surveillance-
 []


LaTeX Warning: Reference `fig-asthma-hopsital-aar' on page 127 undefined on input line 9419.


LaTeX Warning: Reference `tbl-asthma-hopsital-aar' on page 127 undefined on input line 9420.


Overfull \hbox (196.17015pt too wide) in alignment at lines 9441--9453
 [][][][][][][][][][][] 
 []


Overfull \hbox (196.17015pt too wide) in alignment at lines 9453--9458
 [][][][][][][][][][][] 
 []


Overfull \hbox (196.17015pt too wide) in alignment at lines 9458--9460
 [][][][][][][][][][][] 
 []


Overfull \hbox (221.14015pt too wide) in alignment at lines 9460--9464
 [][][][][][][][][][][] 
 []


Package longtable Warning: Column widths have changed
(longtable)                in table 10.10 on input line 9464.


Underfull \hbox (badness 2368) in paragraph at lines 9468--9472
\TU/lmr/m/n/10 sourced from NY Statewide Plan-ning and Re-search Co-op-er-a-tive
 []


Underfull \hbox (badness 10000) in paragraph at lines 9468--9472
\TU/lmr/m/n/10 Sys-tem https://webbi1.health.ny.gov/SAS-Stored-Pro-cess/guest?_pro-
 []


Underfull \hbox (badness 10000) in paragraph at lines 9468--9472
\TU/lmr/m/n/10 gram=%2FEBI%2FPHIG%2Fapps%2Fchir_dash-board%2Fchir_dash-
 []

[127]

LaTeX Warning: Reference `fig-asthma-hopsital-rande-aar' on page 128 undefined on input line 9483.


LaTeX Warning: Reference `tbl-asthma-hopsital-rande-aar' on page 128 undefined on input line 9484.


Overfull \hbox (194.91014pt too wide) in alignment at lines 9508--9521
 [][][][][][][][][][] 
 []


Overfull \hbox (194.91014pt too wide) in alignment at lines 9521--9526
 [][][][][][][][][][] 
 []


Overfull \hbox (194.91014pt too wide) in alignment at lines 9526--9528
 [][][][][][][][][][] 
 []


Overfull \hbox (269.13014pt too wide) in alignment at lines 9528--9537
 [][][][][][][][][][] 
 []


Package longtable Warning: Column widths have changed
(longtable)                in table 10.11 on input line 9537.

[128]

LaTeX Warning: Reference `fig-0to17-asthma-ed-rate' on page 129 undefined on input line 9558.


LaTeX Warning: Reference `tbl-0to17-asthma-ed-rate' on page 129 undefined on input line 9559.


LaTeX Warning: Reference `fig-brfss-adult-asthma' on page 129 undefined on input line 9562.


LaTeX Warning: Reference `tbl-brfss-adult-asthma' on page 129 undefined on input line 9563.


Overfull \hbox (171.46014pt too wide) in alignment at lines 9587--9599
 [][][][][][][][][][][] 
 []


Overfull \hbox (171.46014pt too wide) in alignment at lines 9599--9604
 [][][][][][][][][][][] 
 []


Overfull \hbox (171.46014pt too wide) in alignment at lines 9604--9606
 [][][][][][][][][][][] 
 []


Overfull \hbox (173.68015pt too wide) in alignment at lines 9606--9622
 [][][][][][][][][][][] 
 []


Package longtable Warning: Column widths have changed
(longtable)                in table 10.12 on input line 9622.


Underfull \hbox (badness 10000) in paragraph at lines 9626--9629
[]\TU/lmr/m/n/10 Source: NYS Asthma Dash-board, June 2025 sourced from
 []


Underfull \hbox (badness 10000) in paragraph at lines 9626--9629
\TU/lmr/m/n/10 NY Statewide Plan-ning and Re-search Co-op-er-a-tive Sys-tem
 []


Underfull \hbox (badness 10000) in paragraph at lines 9626--9629
\TU/lmr/m/n/10 https://apps.health.ny.gov/pub-lic/tab-vis/PHIG_Pub-lic/asthma/re-
 []

[129]

LaTeX Warning: Reference `fig-adult-cardiovasdz-percent' on page 130 undefined on input line 9663.


LaTeX Warning: Reference `tbl-adult-cardiovasdz-percent' on page 130 undefined on input line 9664.


Overfull \hbox (130.21014pt too wide) in alignment at lines 9691--9706
 [][][][][][][][][][] 
 []


Overfull \hbox (130.21014pt too wide) in alignment at lines 9706--9714
 [][][][][][][][][][] 
 []


Overfull \hbox (130.21014pt too wide) in alignment at lines 9714--9716
 [][][][][][][][][][] 
 []


Overfull \hbox (132.43015pt too wide) in alignment at lines 9716--9726
 [][][][][][][][][][] 
 []

[130]

Package longtable Warning: Column widths have changed
(longtable)                in table 10.13 on input line 9726.


Underfull \hbox (badness 2050) in paragraph at lines 9730--9733
\TU/lmr/m/n/10 sourced from NYS-DOH Be-hav-ioral Risk Fac-tor Surveil-lance Sys-
 []


Underfull \hbox (badness 10000) in paragraph at lines 9730--9733
\TU/lmr/m/n/10 tem https://webbi1.health.ny.gov/SAS-Stored-Pro-cess/guest?_pro-
 []


Underfull \hbox (badness 10000) in paragraph at lines 9730--9733
\TU/lmr/m/n/10 gram=%2FEBI%2FPHIG%2Fapps%2Fchir_dash-board%2Fchir_dash-
 []


LaTeX Warning: Reference `fig-cardiovasdz-hospi-aar' on page 131 undefined on input line 9754.


Overfull \hbox (117.79013pt too wide) in alignment at lines 9771--9783
 [][][][][][][][][][] 
 []


Overfull \hbox (117.79013pt too wide) in alignment at lines 9783--9788
 [][][][][][][][][][] 
 []


Overfull \hbox (117.79013pt too wide) in alignment at lines 9788--9790
 [][][][][][][][][][] 
 []


Overfull \hbox (143.31013pt too wide) in alignment at lines 9790--9794
 [][][][][][][][][][] 
 []

[131]

Package longtable Warning: Column widths have changed
(longtable)                in table 10.14 on input line 9794.


Underfull \hbox (badness 2368) in paragraph at lines 9798--9801
\TU/lmr/m/n/10 sourced from NY Statewide Plan-ning and Re-search Co-op-er-a-tive
 []


Underfull \hbox (badness 10000) in paragraph at lines 9798--9801
\TU/lmr/m/n/10 Sys-tem https://webbi1.health.ny.gov/SAS-Stored-Pro-cess/guest?_pro-
 []


Underfull \hbox (badness 10000) in paragraph at lines 9798--9801
\TU/lmr/m/n/10 gram=%2FEBI%2FPHIG%2Fapps%2Fchir_dash-board%2Fchir_dash-
 []


LaTeX Warning: Reference `fig-cardiovasdz-mortal-aar' on page 132 undefined on input line 9821.


Package longtable Warning: Column widths have changed
(longtable)                in table 10.15 on input line 9859.


Underfull \hbox (badness 10000) in paragraph at lines 9863--9866
\TU/lmr/m/n/10 Pro-cess/guest?_pro-gram=%2FEBI%2FPHIG%2Fapps%2Fchir_dash-
 []

[132]

LaTeX Warning: Reference `fig-adult-highbp-mddx-percent' on page 133 undefined on input line 9908.


Overfull \hbox (196.17015pt too wide) in alignment at lines 9925--9937
 [][][][][][][][][][][] 
 []


Overfull \hbox (196.17015pt too wide) in alignment at lines 9937--9942
 [][][][][][][][][][][] 
 []


Overfull \hbox (196.17015pt too wide) in alignment at lines 9942--9944
 [][][][][][][][][][][] 
 []


Overfull \hbox (196.17015pt too wide) in alignment at lines 9944--9950
 [][][][][][][][][][][] 
 []

[133]
Underfull \hbox (badness 10000) in paragraph at lines 9954--9956
\TU/lmr/m/n/10 https://health.data.ny.gov/Health/Behavioral-Risk-Factor-Surveillance-
 []

[134]

LaTeX Warning: Reference `fig-cerebrovasdz-hospital-aar' on page 135 undefined on input line 10004.


Overfull \hbox (163.61014pt too wide) in alignment at lines 10021--10033
 [][][][][][][][][][] 
 []


Overfull \hbox (163.61014pt too wide) in alignment at lines 10033--10038
 [][][][][][][][][][] 
 []


Overfull \hbox (163.61014pt too wide) in alignment at lines 10038--10040
 [][][][][][][][][][] 
 []


Overfull \hbox (186.91014pt too wide) in alignment at lines 10040--10044
 [][][][][][][][][][] 
 []


Package longtable Warning: Column widths have changed
(longtable)                in table 10.17 on input line 10044.


Underfull \hbox (badness 2368) in paragraph at lines 10048--10052
\TU/lmr/m/n/10 sourced from NY Statewide Plan-ning and Re-search Co-op-er-a-tive
 []


Underfull \hbox (badness 10000) in paragraph at lines 10048--10052
\TU/lmr/m/n/10 Pro-cess/guest?_pro-gram=%2FEBI%2FPHIG%2Fapps%2Fchir_dash-
 []


LaTeX Warning: Reference `fig-cerebrovasdz-hospital-rande-aar' on page 135 undefined on input line 10070.


Overfull \hbox (194.91014pt too wide) in alignment at lines 10088--10101
 [][][][][][][][][][] 
 []


Overfull \hbox (194.91014pt too wide) in alignment at lines 10101--10106
 [][][][][][][][][][] 
 []


Overfull \hbox (194.91014pt too wide) in alignment at lines 10106--10108
 [][][][][][][][][][] 
 []


Overfull \hbox (206.85014pt too wide) in alignment at lines 10108--10118
 [][][][][][][][][][] 
 []

[135]

Package longtable Warning: Column widths have changed
(longtable)                in table 10.18 on input line 10118.


LaTeX Warning: Reference `fig-cerebrovasdz-mortal-aar' on page 136 undefined on input line 10154.

[136]
Overfull \hbox (130.21014pt too wide) in alignment at lines 10171--10186
 [][][][][][][][][][] 
 []


Overfull \hbox (130.21014pt too wide) in alignment at lines 10186--10194
 [][][][][][][][][][] 
 []


Overfull \hbox (130.21014pt too wide) in alignment at lines 10194--10196
 [][][][][][][][][][] 
 []


Overfull \hbox (130.21014pt too wide) in alignment at lines 10196--10202
 [][][][][][][][][][] 
 []


Underfull \hbox (badness 10000) in paragraph at lines 10206--10209
\TU/lmr/m/n/10 Pro-cess/guest?_pro-gram=%2FEBI%2FPHIG%2Fapps%2Fchir_dash-
 []


Overfull \hbox (130.21014pt too wide) in alignment at lines 10248--10264
 [][][][][][][][][][] 
 []


Overfull \hbox (130.21014pt too wide) in alignment at lines 10264--10272
 [][][][][][][][][][] 
 []


Overfull \hbox (130.21014pt too wide) in alignment at lines 10272--10274
 [][][][][][][][][][] 
 []


Overfull \hbox (130.21014pt too wide) in alignment at lines 10274--10280
 [][][][][][][][][][] 
 []

[137]
Underfull \hbox (badness 5417) in paragraph at lines 10284--10287
[]\TU/lmr/m/n/10 NYS County Health In-di-ca-tors by Race and Eth-nic-ity Dash-
 []


Underfull \hbox (badness 10000) in paragraph at lines 10284--10287
\TU/lmr/m/n/10 board, June 2025 sourced from Vi-tal Statis-tics of NYS
 []


Underfull \hbox (badness 10000) in paragraph at lines 10284--10287
\TU/lmr/m/n/10 https://www.health.ny.gov/statis-tics/com-mu-nity/mi-nor-ity/county/in-
 []


LaTeX Warning: Reference `fig-coronary-heart-disease-hospital-aar' on page 138 undefined on input line 10316.

[138]
Overfull \hbox (196.17015pt too wide) in alignment at lines 10333--10348
 [][][][][][][][][][][] 
 []


Overfull \hbox (196.17015pt too wide) in alignment at lines 10348--10356
 [][][][][][][][][][][] 
 []


Overfull \hbox (196.17015pt too wide) in alignment at lines 10356--10358
 [][][][][][][][][][][] 
 []


Overfull \hbox (196.17015pt too wide) in alignment at lines 10358--10362
 [][][][][][][][][][][] 
 []


Underfull \hbox (badness 2368) in paragraph at lines 10366--10369
\TU/lmr/m/n/10 sourced from NY Statewide Plan-ning and Re-search Co-op-er-a-tive
 []


LaTeX Warning: Reference `fig-coronary-heart-disease-hospital-rande-aar' on page 139 undefined on input line 10387.


Overfull \hbox (194.91014pt too wide) in alignment at lines 10405--10418
 [][][][][][][][][][] 
 []


Overfull \hbox (194.91014pt too wide) in alignment at lines 10418--10423
 [][][][][][][][][][] 
 []


Overfull \hbox (194.91014pt too wide) in alignment at lines 10423--10425
 [][][][][][][][][][] 
 []


Overfull \hbox (206.85014pt too wide) in alignment at lines 10425--10434
 [][][][][][][][][][] 
 []

[139]

Package longtable Warning: Column widths have changed
(longtable)                in table 10.22 on input line 10434.


Underfull \hbox (badness 3590) in paragraph at lines 10438--10440
[]\TU/lmr/m/n/10 NYS County Health In-di-ca-tors by Race and Eth-nic-ity, Febru-
 []


Underfull \hbox (badness 10000) in paragraph at lines 10438--10440
\TU/lmr/m/n/10 ary 2025 https://www.health.ny.gov/com-mu-nity/health_eq-uity/re-
 []


LaTeX Warning: Reference `fig-heartattack-hospital-aar' on page 140 undefined on input line 10454.


Overfull \hbox (196.17015pt too wide) in alignment at lines 10471--10483
 [][][][][][][][][][][] 
 []


Overfull \hbox (196.17015pt too wide) in alignment at lines 10483--10488
 [][][][][][][][][][][] 
 []


Overfull \hbox (196.17015pt too wide) in alignment at lines 10488--10490
 [][][][][][][][][][][] 
 []


Overfull \hbox (196.17015pt too wide) in alignment at lines 10490--10494
 [][][][][][][][][][][] 
 []

[140]

LaTeX Warning: Reference `fig-congheartfail-mortal-aar' on page 141 undefined on input line 10516.


Overfull \hbox (213.20013pt too wide) in alignment at lines 10533--10545
 [][][][][][][][][][] 
 []


Overfull \hbox (213.20013pt too wide) in alignment at lines 10545--10550
 [][][][][][][][][][] 
 []


Overfull \hbox (213.20013pt too wide) in alignment at lines 10550--10552
 [][][][][][][][][][] 
 []


Overfull \hbox (213.20013pt too wide) in alignment at lines 10552--10558
 [][][][][][][][][][] 
 []


Underfull \hbox (badness 1092) in paragraph at lines 10562--10564
[]\TU/lmr/m/n/10 NYS Com-mu-nity Health In-di-ca-tor Re-ports Dash-board, Septem-ber
 []


Underfull \hbox (badness 10000) in paragraph at lines 10562--10564
\TU/lmr/m/n/10 2025 https://webbi1.health.ny.gov/SAS-Stored-Pro-cess/guest?_pro-
 []


Underfull \hbox (badness 10000) in paragraph at lines 10562--10564
\TU/lmr/m/n/10 gram=%2FEBI%2FPHIG%2Fapps%2Fchir_dash-board%2Fchir_dash-
 []

[141]

LaTeX Warning: Reference `fig-congheartfail-mortal-rande' on page 142 undefined on input line 10594.


Overfull \hbox (194.91014pt too wide) in alignment at lines 10612--10625
 [][][][][][][][][][] 
 []


Overfull \hbox (194.91014pt too wide) in alignment at lines 10625--10630
 [][][][][][][][][][] 
 []


Overfull \hbox (194.91014pt too wide) in alignment at lines 10630--10632
 [][][][][][][][][][] 
 []


Overfull \hbox (206.85014pt too wide) in alignment at lines 10632--10641
 [][][][][][][][][][] 
 []


Package longtable Warning: Column widths have changed
(longtable)                in table 10.25 on input line 10641.

[142]

LaTeX Warning: Reference `fig-heartattack-mortal-aar' on page 143 undefined on input line 10659.


Overfull \hbox (151.61014pt too wide) in alignment at lines 10676--10691
 [][][][][][][][][][] 
 []


Overfull \hbox (151.61014pt too wide) in alignment at lines 10691--10699
 [][][][][][][][][][] 
 []


Overfull \hbox (151.61014pt too wide) in alignment at lines 10699--10701
 [][][][][][][][][][] 
 []


Overfull \hbox (151.61014pt too wide) in alignment at lines 10701--10707
 [][][][][][][][][][] 
 []


LaTeX Warning: Reference `fig-congheartfail-mortal-aar-2' on page 143 undefined on input line 10733.

[143]
Overfull \hbox (213.20013pt too wide) in alignment at lines 10750--10762
 [][][][][][][][][][] 
 []


Overfull \hbox (213.20013pt too wide) in alignment at lines 10762--10767
 [][][][][][][][][][] 
 []


Overfull \hbox (213.20013pt too wide) in alignment at lines 10767--10769
 [][][][][][][][][][] 
 []


Overfull \hbox (213.20013pt too wide) in alignment at lines 10769--10775
 [][][][][][][][][][] 
 []


Package hyperref Warning: Suppressing link with empty target on input line 10780.

[144]

LaTeX Warning: Reference `fig-mddx-predm-dm-percent' on page 145 undefined on input line 10825.


Overfull \hbox (130.21014pt too wide) in alignment at lines 10868--10880
 [][][][][][][][][][] 
 []


Overfull \hbox (130.21014pt too wide) in alignment at lines 10880--10885
 [][][][][][][][][][] 
 []


Overfull \hbox (130.21014pt too wide) in alignment at lines 10885--10887
 [][][][][][][][][][] 
 []


Overfull \hbox (132.43015pt too wide) in alignment at lines 10887--10891
 [][][][][][][][][][] 
 []

[145]

Package longtable Warning: Column widths have changed
(longtable)                in table 10.28 on input line 10891.


Underfull \hbox (badness 10000) in paragraph at lines 10895--10897
\TU/lmr/m/n/10 https://health.data.ny.gov/Health/Behavioral-Risk-Factor-Surveillance-
 []


LaTeX Warning: Reference `fig-dm-hospital-rande-aar' on page 146 undefined on input line 10911.


LaTeX Warning: Reference `fig-dm-hospital-rande-aar' on page 146 undefined on input line 10923.


Overfull \hbox (194.91014pt too wide) in alignment at lines 10940--10952
 [][][][][][][][][][] 
 []


Overfull \hbox (194.91014pt too wide) in alignment at lines 10952--10957
 [][][][][][][][][][] 
 []


Overfull \hbox (194.91014pt too wide) in alignment at lines 10957--10959
 [][][][][][][][][][] 
 []


Overfull \hbox (209.07014pt too wide) in alignment at lines 10959--10969
 [][][][][][][][][][] 
 []

[146]

Package longtable Warning: Column widths have changed
(longtable)                in table 10.29 on input line 10969.


LaTeX Warning: Reference `fig-highbs-dm-percent' on page 147 undefined on input line 10996.


Overfull \hbox (196.17015pt too wide) in alignment at lines 11014--11027
 [][][][][][][][][][][] 
 []


Overfull \hbox (196.17015pt too wide) in alignment at lines 11027--11032
 [][][][][][][][][][][] 
 []


Overfull \hbox (196.17015pt too wide) in alignment at lines 11032--11034
 [][][][][][][][][][][] 
 []


Overfull \hbox (219.47015pt too wide) in alignment at lines 11034--11044
 [][][][][][][][][][][] 
 []

[147]

Package longtable Warning: Column widths have changed
(longtable)                in table 10.30 on input line 11044.


LaTeX Warning: Reference `fig-dm-mortal-aar' on page 148 undefined on input line 11069.


Overfull \hbox (130.21014pt too wide) in alignment at lines 11086--11098
 [][][][][][][][][][] 
 []


Overfull \hbox (130.21014pt too wide) in alignment at lines 11098--11103
 [][][][][][][][][][] 
 []


Overfull \hbox (130.21014pt too wide) in alignment at lines 11103--11105
 [][][][][][][][][][] 
 []


Overfull \hbox (130.21014pt too wide) in alignment at lines 11105--11111
 [][][][][][][][][][] 
 []

[148]
Underfull \hbox (badness 10000) in paragraph at lines 11115--11117
\TU/lmr/m/n/10 https://health.data.ny.gov/Health/Behavioral-Risk-Factor-Surveillance-
 []


LaTeX Warning: Reference `fig-dm-mortal-rande-aar' on page 149 undefined on input line 11132.


Overfull \hbox (194.91014pt too wide) in alignment at lines 11149--11161
 [][][][][][][][][][] 
 []


Overfull \hbox (194.91014pt too wide) in alignment at lines 11161--11166
 [][][][][][][][][][] 
 []


Overfull \hbox (194.91014pt too wide) in alignment at lines 11166--11168
 [][][][][][][][][][] 
 []


Overfull \hbox (206.85014pt too wide) in alignment at lines 11168--11178
 [][][][][][][][][][] 
 []


Package longtable Warning: Column widths have changed
(longtable)                in table 10.32 on input line 11178.

[149]

LaTeX Warning: Reference `fig-adult-oando-percent' on page 150 undefined on input line 11216.


Overfull \hbox (130.21014pt too wide) in alignment at lines 11233--11245
 [][][][][][][][][][] 
 []


Overfull \hbox (130.21014pt too wide) in alignment at lines 11245--11250
 [][][][][][][][][][] 
 []


Overfull \hbox (130.21014pt too wide) in alignment at lines 11250--11252
 [][][][][][][][][][] 
 []


Overfull \hbox (155.18015pt too wide) in alignment at lines 11252--11259
 [][][][][][][][][][] 
 []


Package longtable Warning: Column widths have changed
(longtable)                in table 10.33 on input line 11259.

ignored: Infinite glue shrinkage found in box being split [150]
Underfull \hbox (badness 10000) in paragraph at lines 11263--11265
\TU/lmr/m/n/10 https://health.data.ny.gov/Health/Behavioral-Risk-Factor-Surveillance-
 []


LaTeX Warning: Reference `fig-adult-obese-percent' on page 151 undefined on input line 11298.


Overfull \hbox (130.21014pt too wide) in alignment at lines 11319--11331
 [][][][][][][][][][] 
 []


Overfull \hbox (130.21014pt too wide) in alignment at lines 11331--11336
 [][][][][][][][][][] 
 []


Overfull \hbox (130.21014pt too wide) in alignment at lines 11336--11338
 [][][][][][][][][][] 
 []


Overfull \hbox (155.18015pt too wide) in alignment at lines 11338--11345
 [][][][][][][][][][] 
 []

[151]

Package longtable Warning: Column widths have changed
(longtable)                in table 10.34 on input line 11345.


Underfull \hbox (badness 10000) in paragraph at lines 11349--11351
\TU/lmr/m/n/10 https://health.data.ny.gov/Health/Behavioral-Risk-Factor-Surveillance-
 []


LaTeX Warning: Reference `fig-child-oando-percent' on page 152 undefined on input line 11375.


Overfull \hbox (97.65013pt too wide) in alignment at lines 11392--11404
 [][][][][][][][][] 
 []


Overfull \hbox (97.65013pt too wide) in alignment at lines 11404--11409
 [][][][][][][][][] 
 []


Overfull \hbox (97.65013pt too wide) in alignment at lines 11409--11411
 [][][][][][][][][] 
 []


Overfull \hbox (122.62013pt too wide) in alignment at lines 11411--11417
 [][][][][][][][][] 
 []


Overfull \vbox (25.70328pt too high) has occurred while \output is active []

[152]

Package longtable Warning: Column widths have changed
(longtable)                in table 10.35 on input line 11417.


Underfull \hbox (badness 4416) in paragraph at lines 11421--11424
\TU/lmr/m/n/10 sourced from NYS Stu-dent Weight Sta-tus Cat-e-gory Re-port-ing
 []


LaTeX Warning: Reference `fig-cirrhosis-hospital-aar' on page 153 undefined on input line 11447.


LaTeX Warning: Reference `fig-cirrhosis-mortal-aar' on page 153 undefined on input line 11455.


Overfull \hbox (196.17015pt too wide) in alignment at lines 11472--11484
 [][][][][][][][][][][] 
 []


Overfull \hbox (196.17015pt too wide) in alignment at lines 11484--11489
 [][][][][][][][][][][] 
 []


Overfull \hbox (196.17015pt too wide) in alignment at lines 11489--11491
 [][][][][][][][][][][] 
 []


Overfull \hbox (221.14015pt too wide) in alignment at lines 11491--11495
 [][][][][][][][][][][] 
 []

[153]

Package longtable Warning: Column widths have changed
(longtable)                in table 10.36 on input line 11495.


Underfull \hbox (badness 2368) in paragraph at lines 11499--11502
\TU/lmr/m/n/10 sourced from NY Statewide Plan-ning and Re-search Co-op-er-a-tive
 []


Underfull \hbox (badness 10000) in paragraph at lines 11499--11502
\TU/lmr/m/n/10 Sys-tem https://webbi1.health.ny.gov/SAS-Stored-Pro-cess/guest?_pro-
 []


Underfull \hbox (badness 10000) in paragraph at lines 11499--11502
\TU/lmr/m/n/10 gram=%2FEBI%2FPHIG%2Fapps%2Fchir_dash-board%2Fchir_dash-
 []


LaTeX Warning: Reference `fig-cirrhosis-mortal-aar' on page 154 undefined on input line 11514.


Overfull \hbox (97.17012pt too wide) in alignment at lines 11548--11560
 [][][][][][][][][] 
 []


Package longtable Warning: Column widths have changed
(longtable)                in table 10.37 on input line 11560.

ignored: Infinite glue shrinkage found in box being split [154]
Underfull \hbox (badness 2368) in paragraph at lines 11564--11567
\TU/lmr/m/n/10 sourced from NY Statewide Plan-ning and Re-search Co-op-er-a-tive
 []


Underfull \hbox (badness 10000) in paragraph at lines 11564--11567
\TU/lmr/m/n/10 Sys-tem https://webbi1.health.ny.gov/SAS-Stored-Pro-cess/guest?_pro-
 []


Underfull \hbox (badness 10000) in paragraph at lines 11564--11567
\TU/lmr/m/n/10 gram=%2FEBI%2FPHIG%2Fapps%2Fchir_dash-board%2Fchir_dash-
 []


LaTeX Warning: Reference `fig-allca-incident-mortal-aar' on page 155 undefined on input line 11590.


LaTeX Warning: Reference `fig-allca-incident-mortal-aar' on page 155 undefined on input line 11593.


Overfull \hbox (97.76012pt too wide) in alignment at lines 11610--11622
 [][][][][][][][][][] 
 []


Overfull \hbox (97.76012pt too wide) in alignment at lines 11622--11627
 [][][][][][][][][][] 
 []


Overfull \hbox (97.76012pt too wide) in alignment at lines 11627--11629
 [][][][][][][][][][] 
 []


Overfull \hbox (141.41013pt too wide) in alignment at lines 11629--11635
 [][][][][][][][][][] 
 []

[155]

Package longtable Warning: Column widths have changed
(longtable)                in table 10.38 on input line 11635.


Underfull \hbox (badness 10000) in paragraph at lines 11639--11642
[]\TU/lmr/m/n/10 NYS Com-mu-nity Health In-di-ca-tor Re-ports Dash-board, June
 []


Underfull \hbox (badness 10000) in paragraph at lines 11639--11642
\TU/lmr/m/n/10 2025 sourced from NYS Can-cer Reg-istry and Statis-tics
 []


Underfull \hbox (badness 10000) in paragraph at lines 11639--11642
\TU/lmr/m/n/10 https://webbi1.health.ny.gov/SAS-Stored-Pro-cess/guest?_pro-
 []


Underfull \hbox (badness 10000) in paragraph at lines 11639--11642
\TU/lmr/m/n/10 gram=%2FEBI%2FPHIG%2Fapps%2Fchir_dash-board%2Fchir_dash-
 []


LaTeX Warning: Reference `fig-allca-incident-mortal-sex-aar' on page 156 undefined on input line 11659.


Overfull \hbox (110.18013pt too wide) in alignment at lines 11677--11690
 [][][][][][][][][][] 
 []


Overfull \hbox (110.18013pt too wide) in alignment at lines 11690--11695
 [][][][][][][][][][] 
 []


Overfull \hbox (110.18013pt too wide) in alignment at lines 11695--11697
 [][][][][][][][][][] 
 []


Overfull \hbox (194.51015pt too wide) in alignment at lines 11697--11707
 [][][][][][][][][][] 
 []


Package longtable Warning: Column widths have changed
(longtable)                in table 10.39 on input line 11707.

ignored: Infinite glue shrinkage found in box being split [156]

LaTeX Warning: Reference `fig-colonrectca-incident-mortal-aar' on page 157 undefined on input line 11740.


Overfull \hbox (129.71013pt too wide) in alignment at lines 11758--11771
 [][][][][][][][][][] 
 []


Overfull \hbox (129.71013pt too wide) in alignment at lines 11771--11776
 [][][][][][][][][][] 
 []


Overfull \hbox (129.71013pt too wide) in alignment at lines 11776--11778
 [][][][][][][][][][] 
 []


Overfull \hbox (139.19012pt too wide) in alignment at lines 11778--11783
 [][][][][][][][][][] 
 []


Package longtable Warning: Column widths have changed
(longtable)                in table 10.40 on input line 11783.

ignored: Infinite glue shrinkage found in box being split [157]
Underfull \hbox (badness 10000) in paragraph at lines 11787--11790
[]\TU/lmr/m/n/10 NYS Com-mu-nity Health In-di-ca-tor Re-ports Dash-board, June
 []


Underfull \hbox (badness 10000) in paragraph at lines 11787--11790
\TU/lmr/m/n/10 2025 sourced from NYS Can-cer Reg-istry and Statis-tics
 []


Underfull \hbox (badness 10000) in paragraph at lines 11787--11790
\TU/lmr/m/n/10 https://webbi1.health.ny.gov/SAS-Stored-Pro-cess/guest?_pro-
 []


Underfull \hbox (badness 10000) in paragraph at lines 11787--11790
\TU/lmr/m/n/10 gram=%2FEBI%2FPHIG%2Fapps%2Fchir_dash-board%2Fchir_dash-
 []


LaTeX Warning: Reference `fig-colonrectca-incident-mortal-sex-aar' on page 158 undefined on input line 11805.


Overfull \hbox (142.13014pt too wide) in alignment at lines 11823--11836
 [][][][][][][][][][] 
 []


Overfull \hbox (142.13014pt too wide) in alignment at lines 11836--11841
 [][][][][][][][][][] 
 []


Overfull \hbox (142.13014pt too wide) in alignment at lines 11841--11843
 [][][][][][][][][][] 
 []


Overfull \hbox (192.29015pt too wide) in alignment at lines 11843--11853
 [][][][][][][][][][] 
 []


Package longtable Warning: Column widths have changed
(longtable)                in table 10.41 on input line 11853.


Underfull \hbox (badness 10000) in paragraph at lines 11857--11860
[]\TU/lmr/m/n/10 NYS Com-mu-nity Health In-di-ca-tor Re-ports Dash-board, June
 []


Underfull \hbox (badness 10000) in paragraph at lines 11857--11860
\TU/lmr/m/n/10 2025 sourced from NYS Can-cer Reg-istry and Statis-tics
 []


Underfull \hbox (badness 10000) in paragraph at lines 11857--11860
\TU/lmr/m/n/10 https://webbi1.health.ny.gov/SAS-Stored-Pro-cess/guest?_pro-
 []


Underfull \hbox (badness 10000) in paragraph at lines 11857--11860
\TU/lmr/m/n/10 gram=%2FEBI%2FPHIG%2Fapps%2Fchir_dash-board%2Fchir_dash-
 []

[158]

LaTeX Warning: Reference `fig-colorectalca-incidence-rande-aar' on page 159 undefined on input line 11876.


Overfull \hbox (116.53012pt too wide) in alignment at lines 11894--11907
 [][][][][][][][][] 
 []


Overfull \hbox (116.53012pt too wide) in alignment at lines 11907--11912
 [][][][][][][][][] 
 []


Overfull \hbox (116.53012pt too wide) in alignment at lines 11912--11914
 [][][][][][][][][] 
 []


Overfull \hbox (190.75012pt too wide) in alignment at lines 11914--11922
 [][][][][][][][][] 
 []


Package longtable Warning: Column widths have changed
(longtable)                in table 10.42 on input line 11922.


Underfull \hbox (badness 5417) in paragraph at lines 11926--11929
[]\TU/lmr/m/n/10 NYS County Health In-di-ca-tors by Race and Eth-nic-ity Dash-
 []

[159]

LaTeX Warning: Reference `fig-adult-50to64-colorectalca-screening-percent' on page 160 undefined on input line 11958.


Overfull \hbox (266.65016pt too wide) in alignment at lines 11976--11989
 [][][][][][][][][][][][] 
 []


Overfull \hbox (266.65016pt too wide) in alignment at lines 11989--11994
 [][][][][][][][][][][][] 
 []


Overfull \hbox (266.65016pt too wide) in alignment at lines 11994--11996
 [][][][][][][][][][][][] 
 []


Overfull \hbox (266.65016pt too wide) in alignment at lines 11996--12002
 [][][][][][][][][][][][] 
 []


Underfull \hbox (badness 1348) in paragraph at lines 12006--12009
[]\TU/lmr/m/n/10 NYS Pre-ven-tion Agenda Track-ing Dash-board, June 2025 sourced
 []


Underfull \hbox (badness 10000) in paragraph at lines 12006--12009
\TU/lmr/m/n/10 from NYS-DOH Be-hav-ioral Risk Fac-tor Surveil-lance Sys-tem
 []


Underfull \hbox (badness 10000) in paragraph at lines 12006--12009
\TU/lmr/m/n/10 https://webbi1.health.ny.gov/SAS-Stored-Pro-cess/guest?_pro-
 []


Underfull \hbox (badness 10000) in paragraph at lines 12006--12009
\TU/lmr/m/n/10 gram=%2FEBI%2FPHIG%2Fapps%2Fdash-board%2Fpa_dash-
 []

[160]

LaTeX Warning: Reference `fig-lungbronchca-incident-mortal-aar' on page 161 undefined on input line 12054.


LaTeX Warning: Reference `fig-lungbronchca-incident-mortal-aar' on page 161 undefined on input line 12058.


Overfull \hbox (142.13014pt too wide) in alignment at lines 12076--12089
 [][][][][][][][][][] 
 []


Overfull \hbox (142.13014pt too wide) in alignment at lines 12089--12094
 [][][][][][][][][][] 
 []


Overfull \hbox (142.13014pt too wide) in alignment at lines 12094--12096
 [][][][][][][][][][] 
 []


Overfull \hbox (151.61014pt too wide) in alignment at lines 12096--12102
 [][][][][][][][][][] 
 []

[161]

Package longtable Warning: Column widths have changed
(longtable)                in table 10.44 on input line 12102.


LaTeX Warning: Reference `fig-lungbronchca-incident-mortal-sex-aar' on page 162 undefined on input line 12122.


Overfull \hbox (142.13014pt too wide) in alignment at lines 12140--12153
 [][][][][][][][][][] 
 []


Overfull \hbox (142.13014pt too wide) in alignment at lines 12153--12158
 [][][][][][][][][][] 
 []


Overfull \hbox (142.13014pt too wide) in alignment at lines 12158--12160
 [][][][][][][][][][] 
 []


Overfull \hbox (193.41014pt too wide) in alignment at lines 12160--12170
 [][][][][][][][][][] 
 []


Package longtable Warning: Column widths have changed
(longtable)                in table 10.45 on input line 12170.


Overfull \vbox (12.47421pt too high) has occurred while \output is active []

[162]

LaTeX Warning: Reference `fig-lungca-incidence-rande-aar' on page 163 undefined on input line 12191.


Overfull \hbox (194.91014pt too wide) in alignment at lines 12209--12222
 [][][][][][][][][][] 
 []


Overfull \hbox (194.91014pt too wide) in alignment at lines 12222--12227
 [][][][][][][][][][] 
 []


Overfull \hbox (194.91014pt too wide) in alignment at lines 12227--12229
 [][][][][][][][][][] 
 []


Overfull \hbox (206.85014pt too wide) in alignment at lines 12229--12238
 [][][][][][][][][][] 
 []


Package longtable Warning: Column widths have changed
(longtable)                in table 10.46 on input line 12238.


Underfull \hbox (badness 1852) in paragraph at lines 12242--12244
[]\TU/lmr/m/n/10 New York City Health In-di-ca-tors by Race and Eth-nic-ity, 2020-
 []


Underfull \hbox (badness 10000) in paragraph at lines 12242--12244
\TU/lmr/m/n/10 2022 https://www.health.ny.gov/com-mu-nity/health_eq-uity/re-
 []

[163]
Overfull \hbox (142.13014pt too wide) in alignment at lines 12295--12308
 [][][][][][][][][][] 
 []


Overfull \hbox (142.13014pt too wide) in alignment at lines 12308--12313
 [][][][][][][][][][] 
 []


Overfull \hbox (142.13014pt too wide) in alignment at lines 12313--12315
 [][][][][][][][][][] 
 []


Overfull \hbox (153.83014pt too wide) in alignment at lines 12315--12321
 [][][][][][][][][][] 
 []


Package longtable Warning: Column widths have changed
(longtable)                in table 10.47 on input line 12321.

[164]

LaTeX Warning: Reference `fig-female-breastca-incidence-mortal-aar' on page 165 undefined on input line 12354.


Overfull \hbox (130.21014pt too wide) in alignment at lines 12372--12385
 [][][][][][][][][][] 
 []


Overfull \hbox (130.21014pt too wide) in alignment at lines 12385--12390
 [][][][][][][][][][] 
 []


Overfull \hbox (130.21014pt too wide) in alignment at lines 12390--12392
 [][][][][][][][][][] 
 []


Overfull \hbox (155.18015pt too wide) in alignment at lines 12392--12399
 [][][][][][][][][][] 
 []


Package longtable Warning: Column widths have changed
(longtable)                in table 10.48 on input line 12399.

[165]

LaTeX Warning: Reference `fig-female-breastca-screening-percent' on page 166 undefined on input line 12430.


Overfull \hbox (130.21014pt too wide) in alignment at lines 12448--12461
 [][][][][][][][][][] 
 []


Overfull \hbox (130.21014pt too wide) in alignment at lines 12461--12466
 [][][][][][][][][][] 
 []


Overfull \hbox (130.21014pt too wide) in alignment at lines 12466--12468
 [][][][][][][][][][] 
 []


Overfull \hbox (155.18015pt too wide) in alignment at lines 12468--12475
 [][][][][][][][][][] 
 []


Package longtable Warning: Column widths have changed
(longtable)                in table 10.49 on input line 12475.


Underfull \hbox (badness 10000) in paragraph at lines 12479--12481
\TU/lmr/m/n/10 https://health.data.ny.gov/Health/Behavioral-Risk-Factor-Surveillance-
 []

[166]

LaTeX Warning: Reference `fig-cervutca-incident-mortal-aar' on page 167 undefined on input line 12524.


Overfull \hbox (117.79013pt too wide) in alignment at lines 12542--12555
 [][][][][][][][][][] 
 []


Overfull \hbox (117.79013pt too wide) in alignment at lines 12555--12560
 [][][][][][][][][][] 
 []


Overfull \hbox (117.79013pt too wide) in alignment at lines 12560--12562
 [][][][][][][][][][] 
 []


Overfull \hbox (117.79013pt too wide) in alignment at lines 12562--12565
 [][][][][][][][][][] 
 []

[167]

LaTeX Warning: Reference `fig-cervutca-screening-percent' on page 168 undefined on input line 12593.


Overfull \hbox (117.79013pt too wide) in alignment at lines 12611--12624
 [][][][][][][][][][] 
 []


Overfull \hbox (117.79013pt too wide) in alignment at lines 12624--12629
 [][][][][][][][][][] 
 []


Overfull \hbox (117.79013pt too wide) in alignment at lines 12629--12631
 [][][][][][][][][][] 
 []


Overfull \hbox (117.79013pt too wide) in alignment at lines 12631--12634
 [][][][][][][][][][] 
 []


Underfull \hbox (badness 2050) in paragraph at lines 12638--12641
\TU/lmr/m/n/10 sourced from NYS-DOH Be-hav-ioral Risk Fac-tor Surveil-lance Sys-
 []


Underfull \hbox (badness 10000) in paragraph at lines 12638--12641
\TU/lmr/m/n/10 tem https://webbi1.health.ny.gov/SAS-Stored-Pro-cess/guest?_pro-
 []


Underfull \hbox (badness 10000) in paragraph at lines 12638--12641
\TU/lmr/m/n/10 gram=%2FEBI%2FPHIG%2Fapps%2Fchir_dash-board%2Fchir_dash-
 []

[168] [169]

LaTeX Warning: Reference `fig-24to35mo-child-vaccine-series-percent' on page 170 undefined on input line 12711.


Overfull \hbox (200.69016pt too wide) in alignment at lines 12729--12742
 [][][][][][][][][][][] 
 []


Overfull \hbox (200.69016pt too wide) in alignment at lines 12742--12747
 [][][][][][][][][][][] 
 []


Overfull \hbox (200.69016pt too wide) in alignment at lines 12747--12749
 [][][][][][][][][][][] 
 []


Overfull \hbox (200.69016pt too wide) in alignment at lines 12749--12763
 [][][][][][][][][][][] 
 []

[170]

LaTeX Warning: Reference `fig-covid-mort-aar' on page 171 undefined on input line 12800.


Overfull \hbox (196.17015pt too wide) in alignment at lines 12821--12833
 [][][][][][][][][][][] 
 []


Overfull \hbox (196.17015pt too wide) in alignment at lines 12833--12838
 [][][][][][][][][][][] 
 []


Overfull \hbox (196.17015pt too wide) in alignment at lines 12838--12840
 [][][][][][][][][][][] 
 []


Overfull \hbox (198.39015pt too wide) in alignment at lines 12840--12848
 [][][][][][][][][][][] 
 []


Package longtable Warning: Column widths have changed
(longtable)                in table 10.53 on input line 12848.

[171]

LaTeX Warning: Reference `fig-cervutca-screening-percent' on page 172 undefined on input line 12892.


LaTeX Warning: Reference `fig-13yo-hpv-vaccine-complete-percent' on page 172 undefined on input line 12914.

[172]
Overfull \hbox (200.69016pt too wide) in alignment at lines 12931--12943
 [][][][][][][][][][][] 
 []


Overfull \hbox (200.69016pt too wide) in alignment at lines 12943--12948
 [][][][][][][][][][][] 
 []


Overfull \hbox (200.69016pt too wide) in alignment at lines 12948--12950
 [][][][][][][][][][][] 
 []


Overfull \hbox (200.69016pt too wide) in alignment at lines 12950--12964
 [][][][][][][][][][][] 
 []

[173]

LaTeX Warning: Reference `fig-adult-flu-immi-lastyear-percent' on page 174 undefined on input line 13003.


Overfull \hbox (130.21014pt too wide) in alignment at lines 13020--13032
 [][][][][][][][][][] 
 []


Overfull \hbox (130.21014pt too wide) in alignment at lines 13032--13037
 [][][][][][][][][][] 
 []


Overfull \hbox (130.21014pt too wide) in alignment at lines 13037--13039
 [][][][][][][][][][] 
 []


Overfull \hbox (130.21014pt too wide) in alignment at lines 13039--13044
 [][][][][][][][][][] 
 []


Underfull \hbox (badness 10000) in paragraph at lines 13048--13050
\TU/lmr/m/n/10 https://health.data.ny.gov/Health/Behavioral-Risk-Factor-Surveillance-
 []

[174]
Overfull \hbox (130.21014pt too wide) in alignment at lines 13086--13098
 [][][][][][][][][][] 
 []


Overfull \hbox (130.21014pt too wide) in alignment at lines 13098--13103
 [][][][][][][][][][] 
 []


Overfull \hbox (130.21014pt too wide) in alignment at lines 13103--13105
 [][][][][][][][][][] 
 []


Overfull \hbox (130.21014pt too wide) in alignment at lines 13105--13110
 [][][][][][][][][][] 
 []


Underfull \hbox (badness 1092) in paragraph at lines 13114--13116
[]\TU/lmr/m/n/10 NYS-DOH Be-hav-ioral Risk Fac-tor Surveil-lance Sys-tem, June 2025
 []


Underfull \hbox (badness 10000) in paragraph at lines 13114--13116
\TU/lmr/m/n/10 https://health.data.ny.gov/Health/Behavioral-Risk-Factor-Surveillance-
 []


LaTeX Warning: Reference `fig-65-pneumo-immi-percent' on page 175 undefined on input line 13145.

[175]
Overfull \hbox (130.21014pt too wide) in alignment at lines 13162--13174
 [][][][][][][][][][] 
 []


Overfull \hbox (130.21014pt too wide) in alignment at lines 13174--13179
 [][][][][][][][][][] 
 []


Overfull \hbox (130.21014pt too wide) in alignment at lines 13179--13181
 [][][][][][][][][][] 
 []


Overfull \hbox (130.21014pt too wide) in alignment at lines 13181--13189
 [][][][][][][][][][] 
 []


Underfull \hbox (badness 1092) in paragraph at lines 13193--13195
[]\TU/lmr/m/n/10 NYS-DOH Be-hav-ioral Risk Fac-tor Surveil-lance Sys-tem, June 2025
 []


Underfull \hbox (badness 10000) in paragraph at lines 13193--13195
\TU/lmr/m/n/10 https://health.data.ny.gov/Health/Behavioral-Risk-Factor-Surveillance-
 []

[176]

LaTeX Warning: Reference `fig-hiv-incident-aar' on page 177 undefined on input line 13259.


Overfull \hbox (130.21014pt too wide) in alignment at lines 13276--13291
 [][][][][][][][][][] 
 []


Overfull \hbox (130.21014pt too wide) in alignment at lines 13291--13299
 [][][][][][][][][][] 
 []


Overfull \hbox (130.21014pt too wide) in alignment at lines 13299--13301
 [][][][][][][][][][] 
 []


Overfull \hbox (130.21014pt too wide) in alignment at lines 13301--13311
 [][][][][][][][][][] 
 []

[177] [178]

LaTeX Warning: Reference `fig-gono-incident-aar' on page 179 undefined on input line 13346.


Overfull \hbox (163.61014pt too wide) in alignment at lines 13372--13384
 [][][][][][][][][][] 
 []


Overfull \hbox (163.61014pt too wide) in alignment at lines 13384--13389
 [][][][][][][][][][] 
 []


Overfull \hbox (163.61014pt too wide) in alignment at lines 13389--13391
 [][][][][][][][][][] 
 []


Overfull \hbox (163.61014pt too wide) in alignment at lines 13391--13402
 [][][][][][][][][][] 
 []

[179]

LaTeX Warning: Reference `fig-chlamy-incident-aar' on page 180 undefined on input line 13437.


Overfull \hbox (163.61014pt too wide) in alignment at lines 13454--13466
 [][][][][][][][][][] 
 []


Overfull \hbox (163.61014pt too wide) in alignment at lines 13466--13471
 [][][][][][][][][][] 
 []


Overfull \hbox (163.61014pt too wide) in alignment at lines 13471--13473
 [][][][][][][][][][] 
 []


Overfull \hbox (163.61014pt too wide) in alignment at lines 13473--13489
 [][][][][][][][][][] 
 []

[180]

LaTeX Warning: Reference `fig-syph-early-aar' on page 181 undefined on input line 13530.


Overfull \hbox (197.08014pt too wide) in alignment at lines 13547--13559
 [][][][][][][][][][] 
 []


Overfull \hbox (197.08014pt too wide) in alignment at lines 13559--13564
 [][][][][][][][][][] 
 []


Overfull \hbox (197.08014pt too wide) in alignment at lines 13564--13566
 [][][][][][][][][][] 
 []


Overfull \hbox (197.08014pt too wide) in alignment at lines 13566--13575
 [][][][][][][][][][] 
 []

[181]

LaTeX Warning: Reference `fig-lyme-disease' on page 182 undefined on input line 13624.


Overfull \hbox (197.08014pt too wide) in alignment at lines 13641--13653
 [][][][][][][][][][] 
 []


Overfull \hbox (197.08014pt too wide) in alignment at lines 13653--13658
 [][][][][][][][][][] 
 []


Overfull \hbox (197.08014pt too wide) in alignment at lines 13658--13660
 [][][][][][][][][][] 
 []


Overfull \hbox (197.08014pt too wide) in alignment at lines 13660--13669
 [][][][][][][][][][] 
 []

[182] [183]

LaTeX Warning: Reference `fig-anaplasmosis' on page 184 undefined on input line 13715.


Overfull \hbox (51.83012pt too wide) in alignment at lines 13736--13748
 [][][][][][][][][] 
 []


Overfull \hbox (51.83012pt too wide) in alignment at lines 13748--13753
 [][][][][][][][][] 
 []


Overfull \hbox (51.83012pt too wide) in alignment at lines 13753--13755
 [][][][][][][][][] 
 []


Overfull \hbox (51.83012pt too wide) in alignment at lines 13755--13761
 [][][][][][][][][] 
 []

[184]

LaTeX Warning: Reference `fig-babesiosis' on page 185 undefined on input line 13795.


Overfull \hbox (51.83012pt too wide) in alignment at lines 13812--13824
 [][][][][][][][][] 
 []


Overfull \hbox (51.83012pt too wide) in alignment at lines 13824--13829
 [][][][][][][][][] 
 []


Overfull \hbox (51.83012pt too wide) in alignment at lines 13829--13831
 [][][][][][][][][] 
 []


Overfull \hbox (51.83012pt too wide) in alignment at lines 13831--13837
 [][][][][][][][][] 
 []


LaTeX Warning: Reference `tbl-rabies-test-domestic' on page 185 undefined on input line 13870.

[185]
Overfull \hbox (75.40009pt too wide) in alignment at lines 13872--13884
 [][][][] 
 []


Overfull \hbox (75.40009pt too wide) in alignment at lines 13884--13889
 [][][][] 
 []


Overfull \hbox (75.40009pt too wide) in alignment at lines 13889--13891
 [][][][] 
 []


Overfull \hbox (97.41008pt too wide) in alignment at lines 13891--13901
 [][][][] 
 []


Package longtable Warning: Column widths have changed
(longtable)                in table 10.65 on input line 13901.


Overfull \hbox (37.28006pt too wide) in alignment at lines 13917--13929
 [][][][] 
 []


Overfull \hbox (37.28006pt too wide) in alignment at lines 13929--13934
 [][][][] 
 []


Overfull \hbox (37.28006pt too wide) in alignment at lines 13934--13936
 [][][][] 
 []


Overfull \hbox (59.29005pt too wide) in alignment at lines 13936--13946
 [][][][] 
 []


Package longtable Warning: Column widths have changed
(longtable)                in table 10.66 on input line 13946.

ignored: Infinite glue shrinkage found in box being split [186]

LaTeX Warning: Reference `fig-rabies-pep-rate' on page 187 undefined on input line 13975.


Overfull \hbox (85.23012pt too wide) in alignment at lines 13992--14004
 [][][][][][][][][] 
 []


Overfull \hbox (85.23012pt too wide) in alignment at lines 14004--14009
 [][][][][][][][][] 
 []


Overfull \hbox (85.23012pt too wide) in alignment at lines 14009--14011
 [][][][][][][][][] 
 []


Overfull \hbox (85.23012pt too wide) in alignment at lines 14011--14017
 [][][][][][][][][] 
 []

[187]

LaTeX Warning: Reference `fig-early-pnc-percent' on page 188 undefined on input line 14067.


LaTeX Warning: Reference `fig-late-no-pnc-percent' on page 188 undefined on input line 14070.


Overfull \hbox (130.21014pt too wide) in alignment at lines 14087--14102
 [][][][][][][][][][] 
 []


Overfull \hbox (130.21014pt too wide) in alignment at lines 14102--14110
 [][][][][][][][][][] 
 []


Overfull \hbox (130.21014pt too wide) in alignment at lines 14110--14112
 [][][][][][][][][][] 
 []


Overfull \hbox (130.21014pt too wide) in alignment at lines 14112--14122
 [][][][][][][][][][] 
 []

[188]
Overfull \hbox (130.21014pt too wide) in alignment at lines 14155--14170
 [][][][][][][][][][] 
 []


Overfull \hbox (130.21014pt too wide) in alignment at lines 14170--14178
 [][][][][][][][][][] 
 []


Overfull \hbox (130.21014pt too wide) in alignment at lines 14178--14180
 [][][][][][][][][][] 
 []


Overfull \hbox (130.21014pt too wide) in alignment at lines 14180--14190
 [][][][][][][][][][] 
 []

ignored: Infinite glue shrinkage found in box being split [189]

LaTeX Warning: Reference `fig-epc-rande-percent' on page 190 undefined on input line 14217.


Overfull \hbox (194.91014pt too wide) in alignment at lines 14234--14246
 [][][][][][][][][][] 
 []


Overfull \hbox (194.91014pt too wide) in alignment at lines 14246--14251
 [][][][][][][][][][] 
 []


Overfull \hbox (194.91014pt too wide) in alignment at lines 14251--14253
 [][][][][][][][][][] 
 []


Overfull \hbox (269.13014pt too wide) in alignment at lines 14253--14263
 [][][][][][][][][][] 
 []


Package longtable Warning: Column widths have changed
(longtable)                in table 10.70 on input line 14263.

[190]

LaTeX Warning: Reference `fig-15to44-preg-rate' on page 191 undefined on input line 14288.


Overfull \hbox (130.21014pt too wide) in alignment at lines 14305--14320
 [][][][][][][][][][] 
 []


Overfull \hbox (130.21014pt too wide) in alignment at lines 14320--14328
 [][][][][][][][][][] 
 []


Overfull \hbox (130.21014pt too wide) in alignment at lines 14328--14330
 [][][][][][][][][][] 
 []


Overfull \hbox (130.21014pt too wide) in alignment at lines 14330--14340
 [][][][][][][][][][] 
 []

[191]

LaTeX Warning: Reference `fig-15to44-preg-rate-rande' on page 192 undefined on input line 14364.


Overfull \hbox (194.91014pt too wide) in alignment at lines 14381--14393
 [][][][][][][][][][] 
 []


Overfull \hbox (194.91014pt too wide) in alignment at lines 14393--14398
 [][][][][][][][][][] 
 []


Overfull \hbox (194.91014pt too wide) in alignment at lines 14398--14400
 [][][][][][][][][][] 
 []


Overfull \hbox (269.13014pt too wide) in alignment at lines 14400--14410
 [][][][][][][][][][] 
 []


Package longtable Warning: Column widths have changed
(longtable)                in table 10.72 on input line 14410.

[192]

LaTeX Warning: Reference `fig-15to19-teenpreg-rate' on page 193 undefined on input line 14451.


Package longtable Warning: Column widths have changed
(longtable)                in table 10.73 on input line 14492.

[193]

LaTeX Warning: Reference `fig-17-teenpreg-rande-rate' on page 194 undefined on input line 14517.


Overfull \hbox (194.91014pt too wide) in alignment at lines 14535--14548
 [][][][][][][][][][] 
 []


Overfull \hbox (194.91014pt too wide) in alignment at lines 14548--14553
 [][][][][][][][][][] 
 []


Overfull \hbox (194.91014pt too wide) in alignment at lines 14553--14555
 [][][][][][][][][][] 
 []


Overfull \hbox (269.13014pt too wide) in alignment at lines 14555--14564
 [][][][][][][][][][] 
 []


Package longtable Warning: Column widths have changed
(longtable)                in table 10.74 on input line 14564.

[194]

LaTeX Warning: Reference `fig-financial-coverage-liveb-percent' on page 195 undefined on input line 14590.


Overfull \hbox (139.79013pt too wide) in alignment at lines 14607--14619
 [][][][][][][][][][] 
 []


Overfull \hbox (139.79013pt too wide) in alignment at lines 14619--14624
 [][][][][][][][][][] 
 []


Overfull \hbox (139.79013pt too wide) in alignment at lines 14624--14626
 [][][][][][][][][][] 
 []


Overfull \hbox (139.79013pt too wide) in alignment at lines 14626--14633
 [][][][][][][][][][] 
 []

[195]
Overfull \hbox (130.21014pt too wide) in alignment at lines 14699--14714
 [][][][][][][][][][] 
 []


Overfull \hbox (130.21014pt too wide) in alignment at lines 14714--14722
 [][][][][][][][][][] 
 []


Overfull \hbox (130.21014pt too wide) in alignment at lines 14722--14724
 [][][][][][][][][][] 
 []


Overfull \hbox (130.21014pt too wide) in alignment at lines 14724--14734
 [][][][][][][][][][] 
 []

[196]
Overfull \hbox (130.21014pt too wide) in alignment at lines 14804--14819
 [][][][][][][][][][] 
 []


Overfull \hbox (130.21014pt too wide) in alignment at lines 14819--14827
 [][][][][][][][][][] 
 []


Overfull \hbox (130.21014pt too wide) in alignment at lines 14827--14829
 [][][][][][][][][][] 
 []


Overfull \hbox (130.21014pt too wide) in alignment at lines 14829--14839
 [][][][][][][][][][] 
 []

[197]
Overfull \hbox (194.91014pt too wide) in alignment at lines 14877--14889
 [][][][][][][][][][] 
 []


Overfull \hbox (194.91014pt too wide) in alignment at lines 14889--14894
 [][][][][][][][][][] 
 []


Overfull \hbox (194.91014pt too wide) in alignment at lines 14894--14896
 [][][][][][][][][][] 
 []


Overfull \hbox (269.13014pt too wide) in alignment at lines 14896--14905
 [][][][][][][][][][] 
 []

[198]

Package longtable Warning: Column widths have changed
(longtable)                in table 10.78 on input line 14905.


LaTeX Warning: Reference `fig-infant-mortal-rate' on page 199 undefined on input line 14944.


Overfull \hbox (130.21014pt too wide) in alignment at lines 14961--14976
 [][][][][][][][][][] 
 []


Overfull \hbox (130.21014pt too wide) in alignment at lines 14976--14984
 [][][][][][][][][][] 
 []


Overfull \hbox (130.21014pt too wide) in alignment at lines 14984--14986
 [][][][][][][][][][] 
 []


Overfull \hbox (130.21014pt too wide) in alignment at lines 14986--14996
 [][][][][][][][][][] 
 []

[199]

LaTeX Warning: Reference `fig-hospital-exclusive-bf-percent' on page 200 undefined on input line 15028.

[200]
Overfull \hbox (163.61014pt too wide) in alignment at lines 15046--15059
 [][][][][][][][][][] 
 []


Overfull \hbox (163.61014pt too wide) in alignment at lines 15059--15064
 [][][][][][][][][][] 
 []


Overfull \hbox (163.61014pt too wide) in alignment at lines 15064--15066
 [][][][][][][][][][] 
 []


Overfull \hbox (163.61014pt too wide) in alignment at lines 15066--15078
 [][][][][][][][][][] 
 []


Underfull \hbox (badness 10000) in paragraph at lines 15082--15084
[]\TU/lmr/m/n/10 NYS Pre-ven-tion Agenda Track-ing Dash-board, June 2025
 []


Underfull \hbox (badness 10000) in paragraph at lines 15082--15084
\TU/lmr/m/n/10 https://webbi1.health.ny.gov/SAS-Stored-Pro-cess/guest?_pro-
 []


Underfull \hbox (badness 10000) in paragraph at lines 15082--15084
\TU/lmr/m/n/10 gram=%2FEBI%2FPHIG%2Fapps%2Fdash-board%2Fpa_dash-
 []

[201]

LaTeX Warning: Reference `fig-medicaid-1dental-visit-percent' on page 202 undefined on input line 15136.


Overfull \hbox (142.13014pt too wide) in alignment at lines 15154--15167
 [][][][][][][][][][] 
 []


Overfull \hbox (142.13014pt too wide) in alignment at lines 15167--15172
 [][][][][][][][][][] 
 []


Overfull \hbox (142.13014pt too wide) in alignment at lines 15172--15174
 [][][][][][][][][][] 
 []


Overfull \hbox (197.34015pt too wide) in alignment at lines 15174--15180
 [][][][][][][][][][] 
 []


Package longtable Warning: Column widths have changed
(longtable)                in table 10.81 on input line 15180.

[202]

LaTeX Warning: Reference `fig-medicaid-dental-past12-percent' on page 203 undefined on input line 15201.


Overfull \hbox (51.83012pt too wide) in alignment at lines 15219--15232
 [][][][][][][][][] 
 []


Overfull \hbox (51.83012pt too wide) in alignment at lines 15232--15237
 [][][][][][][][][] 
 []


Overfull \hbox (51.83012pt too wide) in alignment at lines 15237--15239
 [][][][][][][][][] 
 []


Overfull \hbox (51.83012pt too wide) in alignment at lines 15239--15245
 [][][][][][][][][] 
 []

[203]
Chapter 11.

Overfull \hbox (196.17015pt too wide) in alignment at lines 15320--15333
 [][][][][][][][][][][] 
 []


Overfull \hbox (196.17015pt too wide) in alignment at lines 15333--15338
 [][][][][][][][][][][] 
 []


Overfull \hbox (196.17015pt too wide) in alignment at lines 15338--15340
 [][][][][][][][][][][] 
 []


Overfull \hbox (196.17015pt too wide) in alignment at lines 15340--15348
 [][][][][][][][][][][] 
 []

[204

]
Underfull \hbox (badness 1292) in paragraph at lines 15352--15354
[]\TU/lmr/m/n/10 NYS-DOH Be-hav-ioral Risk Fac-tor Surveil-lance Sys-tem, May 2025
 []


Overfull \hbox (196.17015pt too wide) in alignment at lines 15393--15405
 [][][][][][][][][][][] 
 []


Overfull \hbox (196.17015pt too wide) in alignment at lines 15405--15410
 [][][][][][][][][][][] 
 []


Overfull \hbox (196.17015pt too wide) in alignment at lines 15410--15412
 [][][][][][][][][][][] 
 []


Overfull \hbox (196.17015pt too wide) in alignment at lines 15412--15420
 [][][][][][][][][][][] 
 []

[205]
Underfull \hbox (badness 1292) in paragraph at lines 15424--15426
[]\TU/lmr/m/n/10 NYS-DOH Be-hav-ioral Risk Fac-tor Surveil-lance Sys-tem, May 2025
 []


LaTeX Warning: Reference `tbl-smoke-risk' on page 206 undefined on input line 15461.

[206]

Package longtable Warning: Column widths have changed
(longtable)                in table 11.3 on input line 15486.

<chapters/../media/figure-168-nys-smokefree-statewide-highlights.png, id=1422, 1535.7375pt x 1987.425pt>
File: chapters/../media/figure-168-nys-smokefree-statewide-highlights.png Graphic file (type png)
<use chapters/../media/figure-168-nys-smokefree-statewide-highlights.png>
Package luatex.def Info: chapters/../media/figure-168-nys-smokefree-statewide-highlights.png  used on input line 15502.
(luatex.def)             Requested size: 344.98706pt x 446.45384pt.

Underfull \hbox (badness 7704) in paragraph at lines 15513--15515
[]\TU/lmr/m/n/10 NYS Smok-ers’ Quit-line, 2024 https://www.nysmoke-free.com/wp-
 []


Underfull \hbox (badness 10000) in paragraph at lines 15513--15515
\TU/lmr/m/n/10 content/up-loads/2025/02/2024_Sus-tain-abil-i-tyRe-port_Statewide-High-
 []


LaTeX Warning: Reference `fig-adult-currsmoke-percent' on page 207 undefined on input line 15525.


Overfull \hbox (196.17015pt too wide) in alignment at lines 15542--15554
 [][][][][][][][][][][] 
 []


Overfull \hbox (196.17015pt too wide) in alignment at lines 15554--15559
 [][][][][][][][][][][] 
 []


Overfull \hbox (196.17015pt too wide) in alignment at lines 15559--15561
 [][][][][][][][][][][] 
 []


Overfull \hbox (196.17015pt too wide) in alignment at lines 15561--15569
 [][][][][][][][][][][] 
 []


Underfull \hbox (badness 1292) in paragraph at lines 15573--15575
[]\TU/lmr/m/n/10 NYS-DOH Be-hav-ioral Risk Fac-tor Surveil-lance Sys-tem, May 2025
 []

[207] [208<./chapters/../media/figure-168-nys-smokefree-statewide-highlights.png>]

LaTeX Warning: Reference `fig-adult-bingedrink-percent' on page 209 undefined on input line 15622.


Overfull \hbox (196.17015pt too wide) in alignment at lines 15639--15651
 [][][][][][][][][][][] 
 []


Overfull \hbox (196.17015pt too wide) in alignment at lines 15651--15656
 [][][][][][][][][][][] 
 []


Overfull \hbox (196.17015pt too wide) in alignment at lines 15656--15658
 [][][][][][][][][][][] 
 []


Overfull \hbox (196.17015pt too wide) in alignment at lines 15658--15666
 [][][][][][][][][][][] 
 []

[209]
Underfull \hbox (badness 1292) in paragraph at lines 15670--15672
[]\TU/lmr/m/n/10 NYS-DOH Be-hav-ioral Risk Fac-tor Surveil-lance Sys-tem, May 2025
 []

[210]

LaTeX Warning: Reference `fig-ed-visit-opioid-aar' on page 211 undefined on input line 15709.


Overfull \hbox (196.17015pt too wide) in alignment at lines 15727--15740
 [][][][][][][][][][][] 
 []


Overfull \hbox (196.17015pt too wide) in alignment at lines 15740--15745
 [][][][][][][][][][][] 
 []


Overfull \hbox (196.17015pt too wide) in alignment at lines 15745--15747
 [][][][][][][][][][][] 
 []


Overfull \hbox (196.17015pt too wide) in alignment at lines 15747--15757
 [][][][][][][][][][][] 
 []


LaTeX Warning: Reference `fig-hospital-dc-opioid-aar' on page 211 undefined on input line 15778.


Overfull \hbox (196.17015pt too wide) in alignment at lines 15796--15809
 [][][][][][][][][][][] 
 []


Overfull \hbox (196.17015pt too wide) in alignment at lines 15809--15814
 [][][][][][][][][][][] 
 []


Overfull \hbox (196.17015pt too wide) in alignment at lines 15814--15816
 [][][][][][][][][][][] 
 []


Overfull \hbox (196.17015pt too wide) in alignment at lines 15816--15826
 [][][][][][][][][][][] 
 []

[211]

LaTeX Warning: Reference `fig-treat-prog-opioid-crude' on page 212 undefined on input line 15855.


Overfull \hbox (19.27011pt too wide) in alignment at lines 15873--15886
 [][][][][][][][] 
 []


Overfull \hbox (19.27011pt too wide) in alignment at lines 15886--15891
 [][][][][][][][] 
 []


Overfull \hbox (19.27011pt too wide) in alignment at lines 15891--15893
 [][][][][][][][] 
 []


Overfull \hbox (19.27011pt too wide) in alignment at lines 15893--15899
 [][][][][][][][] 
 []

[212]

LaTeX Warning: Reference `fig-od-anyopioid-crude' on page 213 undefined on input line 15927.


Overfull \hbox (196.17015pt too wide) in alignment at lines 15944--15956
 [][][][][][][][][][][] 
 []


Overfull \hbox (196.17015pt too wide) in alignment at lines 15956--15961
 [][][][][][][][][][][] 
 []


Overfull \hbox (196.17015pt too wide) in alignment at lines 15961--15963
 [][][][][][][][][][][] 
 []


Overfull \hbox (196.17015pt too wide) in alignment at lines 15963--15973
 [][][][][][][][][][][] 
 []

[213]

LaTeX Warning: Reference `fig-od-multiple-opioid-aar' on page 214 undefined on input line 15989.


Overfull \hbox (176.14014pt too wide) in alignment at lines 16010--16023
 [][][][][][][][][][][] 
 []


Overfull \hbox (176.14014pt too wide) in alignment at lines 16023--16028
 [][][][][][][][][][][] 
 []


Overfull \hbox (176.14014pt too wide) in alignment at lines 16028--16030
 [][][][][][][][][][][] 
 []


Overfull \hbox (361.53014pt too wide) in alignment at lines 16030--16037
 [][][][][][][][][][][] 
 []


Package longtable Warning: Column widths have changed
(longtable)                in table 11.10 on input line 16037.

[214]

LaTeX Warning: Reference `fig-18to64-anyop-od-crude' on page 215 undefined on input line 16052.


Overfull \hbox (224.30016pt too wide) in alignment at lines 16075--16087
 [][][][][][][][][][][] 
 []


Overfull \hbox (224.30016pt too wide) in alignment at lines 16087--16092
 [][][][][][][][][][][] 
 []


Overfull \hbox (224.30016pt too wide) in alignment at lines 16092--16094
 [][][][][][][][][][][] 
 []


Overfull \hbox (226.77016pt too wide) in alignment at lines 16094--16100
 [][][][][][][][][][][] 
 []


Package longtable Warning: Column widths have changed
(longtable)                in table 11.11 on input line 16100.


Overfull \hbox (224.30016pt too wide) in alignment at lines 16132--16144
 [][][][][][][][][][][] 
 []


Overfull \hbox (224.30016pt too wide) in alignment at lines 16144--16149
 [][][][][][][][][][][] 
 []


Overfull \hbox (224.30016pt too wide) in alignment at lines 16149--16151
 [][][][][][][][][][][] 
 []


Overfull \hbox (226.77016pt too wide) in alignment at lines 16151--16157
 [][][][][][][][][][][] 
 []

[215]

Package longtable Warning: Column widths have changed
(longtable)                in table 11.12 on input line 16157.


Overfull \hbox (224.30016pt too wide) in alignment at lines 16191--16204
 [][][][][][][][][][][] 
 []


Overfull \hbox (224.30016pt too wide) in alignment at lines 16204--16209
 [][][][][][][][][][][] 
 []


Overfull \hbox (224.30016pt too wide) in alignment at lines 16209--16211
 [][][][][][][][][][][] 
 []


Overfull \hbox (226.77016pt too wide) in alignment at lines 16211--16217
 [][][][][][][][][][][] 
 []


Package longtable Warning: Column widths have changed
(longtable)                in table 11.13 on input line 16217.


Overfull \vbox (15.32043pt too high) has occurred while \output is active []

[216]

LaTeX Warning: Reference `fig-opioid-analgesic-rx-aar' on page 217 undefined on input line 16246.


Overfull \hbox (196.17015pt too wide) in alignment at lines 16263--16275
 [][][][][][][][][][][] 
 []


Overfull \hbox (196.17015pt too wide) in alignment at lines 16275--16280
 [][][][][][][][][][][] 
 []


Overfull \hbox (196.17015pt too wide) in alignment at lines 16280--16282
 [][][][][][][][][][][] 
 []


Overfull \hbox (198.39015pt too wide) in alignment at lines 16282--16292
 [][][][][][][][][][][] 
 []


Package longtable Warning: Column widths have changed
(longtable)                in table 11.14 on input line 16292.

[217]
Overfull \hbox (196.17015pt too wide) in alignment at lines 16341--16354
 [][][][][][][][][][][] 
 []


Overfull \hbox (196.17015pt too wide) in alignment at lines 16354--16359
 [][][][][][][][][][][] 
 []


Overfull \hbox (196.17015pt too wide) in alignment at lines 16359--16361
 [][][][][][][][][][][] 
 []


Overfull \hbox (199.70015pt too wide) in alignment at lines 16361--16371
 [][][][][][][][][][][] 
 []


Package longtable Warning: Column widths have changed
(longtable)                in table 11.15 on input line 16371.


Underfull \hbox (badness 1019) in paragraph at lines 16375--16378
[]\TU/lmr/m/n/10 NYS Opi-oid Data Dash-board, May 2025 sourced from NYS Pre-
 []


Underfull \hbox (badness 1005) in paragraph at lines 16375--16378
\TU/lmr/m/n/10 scrip-tion Mon-i-tor-ing Pro-gram https://apps.health.ny.gov/pub-lic/tab-
 []

[218]
Overfull \hbox (176.14014pt too wide) in alignment at lines 16423--16439
 [][][][][][][][][][][] 
 []


Overfull \hbox (176.14014pt too wide) in alignment at lines 16439--16447
 [][][][][][][][][][][] 
 []


Overfull \hbox (176.14014pt too wide) in alignment at lines 16447--16449
 [][][][][][][][][][][] 
 []


Overfull \hbox (250.19014pt too wide) in alignment at lines 16449--16455
 [][][][][][][][][][][] 
 []


Package longtable Warning: Column widths have changed
(longtable)                in table 11.16 on input line 16455.


LaTeX Warning: Reference `fig-suicide-mortal-aar' on page 219 undefined on input line 16476.

[219]
Overfull \hbox (130.21014pt too wide) in alignment at lines 16493--16508
 [][][][][][][][][][] 
 []


Overfull \hbox (130.21014pt too wide) in alignment at lines 16508--16516
 [][][][][][][][][][] 
 []


Overfull \hbox (130.21014pt too wide) in alignment at lines 16516--16518
 [][][][][][][][][][] 
 []


Overfull \hbox (130.21014pt too wide) in alignment at lines 16518--16524
 [][][][][][][][][][] 
 []

[220]
Chapter 12.

LaTeX Warning: Reference `tbl-age' on page 221 undefined on input line 16553.


LaTeX Warning: Reference `fig-asthma-hopsital-aar' on page 221 undefined on input line 16569.


LaTeX Warning: Reference `tbl-asthma-hopsital-aar' on page 221 undefined on input line 16570.


LaTeX Warning: Reference `fig-agop-hosp-0-4' on page 221 undefined on input line 16585.

[221

]

LaTeX Warning: Reference `fig-agop-hosp-0-4' on page 222 undefined on input line 16599.


LaTeX Warning: Reference `fig-agop-hosp-0-4' on page 222 undefined on input line 16611.


Package longtable Warning: Column widths have changed
(longtable)                in table 12.1 on input line 16672.

ignored: Infinite glue shrinkage found in box being split [222]
Underfull \hbox (badness 2368) in paragraph at lines 16676--16679
\TU/lmr/m/n/10 sourced from NY Statewide Plan-ning and Re-search Co-op-er-a-tive
 []

[223]
Chapter 13.

LaTeX Warning: Reference `fig-unint-injury-mortal-aar' on page 224 undefined on input line 16715.


Overfull \hbox (130.21014pt too wide) in alignment at lines 16748--16763
 [][][][][][][][][][] 
 []


Overfull \hbox (130.21014pt too wide) in alignment at lines 16763--16771
 [][][][][][][][][][] 
 []


Overfull \hbox (130.21014pt too wide) in alignment at lines 16771--16773
 [][][][][][][][][][] 
 []


Overfull \hbox (130.21014pt too wide) in alignment at lines 16773--16779
 [][][][][][][][][][] 
 []

[224

] [225]

LaTeX Warning: Reference `fig-poison-control-calls' on page 226 undefined on input line 16828.


Overfull \hbox (19.27011pt too wide) in alignment at lines 16845--16857
 [][][][][][][][] 
 []


Overfull \hbox (19.27011pt too wide) in alignment at lines 16857--16862
 [][][][][][][][] 
 []


Overfull \hbox (19.27011pt too wide) in alignment at lines 16862--16864
 [][][][][][][][] 
 []


Overfull \hbox (19.27011pt too wide) in alignment at lines 16864--16871
 [][][][][][][][] 
 []


LaTeX Warning: Reference `fig-child-under5-poison-control' on page 226 undefined on input line 16891.


Overfull \hbox (19.27011pt too wide) in alignment at lines 16908--16922
 [][][][][][][][] 
 []


Overfull \hbox (19.27011pt too wide) in alignment at lines 16922--16929
 [][][][][][][][] 
 []


Overfull \hbox (19.27011pt too wide) in alignment at lines 16929--16931
 [][][][][][][][] 
 []


Overfull \hbox (19.27011pt too wide) in alignment at lines 16931--16938
 [][][][][][][][] 
 []

[226]

LaTeX Warning: Reference `fig-poison-control-cannabis' on page 227 undefined on input line 16954.


Overfull \hbox (19.27011pt too wide) in alignment at lines 16971--16985
 [][][][][][][][] 
 []


Overfull \hbox (19.27011pt too wide) in alignment at lines 16985--16992
 [][][][][][][][] 
 []


Overfull \hbox (19.27011pt too wide) in alignment at lines 16992--16994
 [][][][][][][][] 
 []


Overfull \hbox (19.27011pt too wide) in alignment at lines 16994--17001
 [][][][][][][][] 
 []

[227]

LaTeX Warning: Reference `fig-mva-mortal-rate' on page 228 undefined on input line 17036.


Overfull \hbox (138.69014pt too wide) in alignment at lines 17053--17068
 [][][][][][][][][][] 
 []


Overfull \hbox (138.69014pt too wide) in alignment at lines 17068--17076
 [][][][][][][][][][] 
 []


Overfull \hbox (138.69014pt too wide) in alignment at lines 17076--17078
 [][][][][][][][][][] 
 []


Overfull \hbox (138.69014pt too wide) in alignment at lines 17078--17084
 [][][][][][][][][][] 
 []

ignored: Infinite glue shrinkage found in box being split [228]

LaTeX Warning: Reference `fig-mva-alcohol-injury-death-crude' on page 229 undefined on input line 17117.


Overfull \hbox (138.69014pt too wide) in alignment at lines 17135--17151
 [][][][][][][][][][] 
 []


Overfull \hbox (138.69014pt too wide) in alignment at lines 17151--17159
 [][][][][][][][][][] 
 []


Overfull \hbox (138.69014pt too wide) in alignment at lines 17159--17161
 [][][][][][][][][][] 
 []


Overfull \hbox (138.69014pt too wide) in alignment at lines 17161--17167
 [][][][][][][][][][] 
 []

[229]

LaTeX Warning: Reference `fig-mva-mortal-rande-aar' on page 230 undefined on input line 17199.


Overfull \hbox (138.07014pt too wide) in alignment at lines 17217--17233
 [][][][][][][][][][] 
 []


Overfull \hbox (138.07014pt too wide) in alignment at lines 17233--17241
 [][][][][][][][][][] 
 []


Overfull \hbox (138.07014pt too wide) in alignment at lines 17241--17243
 [][][][][][][][][][] 
 []


Overfull \hbox (279.71014pt too wide) in alignment at lines 17243--17253
 [][][][][][][][][][] 
 []

[230]

Package longtable Warning: Column widths have changed
(longtable)                in table 13.7 on input line 17253.


Underfull \hbox (badness 4048) in paragraph at lines 17257--17260
[]\TU/lmr/m/n/10 Source: NYS County Health In-di-ca-tors by Race and Eth-nic-
 []


Underfull \hbox (badness 1769) in paragraph at lines 17257--17260
\TU/lmr/m/n/10 ity Dash-board, May 2025 sourced from Vi-tal Statis-tics of NYS
 []

[231]

LaTeX Warning: Reference `fig-falls-hospital-aar' on page 232 undefined on input line 17301.


Overfull \hbox (138.69014pt too wide) in alignment at lines 17318--17333
 [][][][][][][][][][] 
 []


Overfull \hbox (138.69014pt too wide) in alignment at lines 17333--17341
 [][][][][][][][][][] 
 []


Overfull \hbox (138.69014pt too wide) in alignment at lines 17341--17343
 [][][][][][][][][][] 
 []


Overfull \hbox (138.69014pt too wide) in alignment at lines 17343--17349
 [][][][][][][][][][] 
 []


Overfull \hbox (3440.25981pt too wide) in paragraph at lines 17361--17367
\TU/lmr/m/n/10 V00111,V00121,V00131,V00141,V00151,V00181,V00211,V00221,V00281,V00311,V00321,V00381,V00811,V00821,V00831,V00841,V00891,W000XX,W001XX,W002XX,W009XX,W010XX,W0110X,W01110,W01111,W01118,W01119,W01190,W01198,W03XXX,W04XXX,W050XX,W051XX,W052XX,W06XXX,W07XXX,W08XXX,W090XX,W091XX,W092XX,W098XX,W100XX,W101XX,W102XX,W108XX,W109XX,W11XXX,W12XXX,W130XX,W131XX,W132XX,W133XX,W134XX,W138XX,W139XX,W14XXX,W15XXX,W16012,W16022,W16032,W16112,W16122,W16132,W16212,W16222,W16312,W16322,W16332,W1642X,W16512,W16522,W16532,W16612,W16622,W16712,W16722,W16812,W16822,W16832,W1692X,W170XX,W171XX,W172XX,W173XX,W174XX,W1781X,W1782X,W1789X,W1811X,W1812X,W182XX,W1830X,W1831X,W1839X,W19XXX,and
 []


LaTeX Warning: Reference `fig-85-falls-hospital' on page 232 undefined on input line 17376.

Missing character: There is no ≥ (U+2265) in font [lmroman10-regular]:+tlig;!
Missing character: There is no ≥ (U+2265) in font [lmroman10-regular]:+tlig;!
Missing character: There is no ≥ (U+2265) in font [lmroman10-regular]:+tlig;!
Missing character: There is no ≥ (U+2265) in font [lmroman10-regular]:+tlig;!
Missing character: There is no ≥ (U+2265) in font [lmroman10-regular]:+tlig;!
Missing character: There is no ≥ (U+2265) in font [lmroman10-regular]:+tlig;!
[232
Missing character: There is no ≥ (U+2265) in font [lmroman10-regular]:+tlig;!
]
Overfull \hbox (138.69014pt too wide) in alignment at lines 17393--17408
 [][][][][][][][][][] 
 []


Overfull \hbox (138.69014pt too wide) in alignment at lines 17408--17416
 [][][][][][][][][][] 
 []


Overfull \hbox (138.69014pt too wide) in alignment at lines 17416--17418
 [][][][][][][][][][] 
 []


Overfull \hbox (140.91014pt too wide) in alignment at lines 17418--17428
 [][][][][][][][][][] 
 []


Package longtable Warning: Column widths have changed
(longtable)                in table 13.9 on input line 17428.


Overfull \hbox (3440.25981pt too wide) in paragraph at lines 17440--17446
\TU/lmr/m/n/10 V00111,V00121,V00131,V00141,V00151,V00181,V00211,V00221,V00281,V00311,V00321,V00381,V00811,V00821,V00831,V00841,V00891,W000XX,W001XX,W002XX,W009XX,W010XX,W0110X,W01110,W01111,W01118,W01119,W01190,W01198,W03XXX,W04XXX,W050XX,W051XX,W052XX,W06XXX,W07XXX,W08XXX,W090XX,W091XX,W092XX,W098XX,W100XX,W101XX,W102XX,W108XX,W109XX,W11XXX,W12XXX,W130XX,W131XX,W132XX,W133XX,W134XX,W138XX,W139XX,W14XXX,W15XXX,W16012,W16022,W16032,W16112,W16122,W16132,W16212,W16222,W16312,W16322,W16332,W1642X,W16512,W16522,W16532,W16612,W16622,W16712,W16722,W16812,W16822,W16832,W1692X,W170XX,W171XX,W172XX,W173XX,W174XX,W1781X,W1782X,W1789X,W1811X,W1812X,W182XX,W1830X,W1831X,W1839X,W19XXX,and
 []


LaTeX Warning: Reference `fig-65-falls-hospital-rande-rate' on page 233 undefined on input line 17459.

[233
Missing character: There is no ≥ (U+2265) in font [lmroman10-regular]:+tlig;!
]
Overfull \hbox (138.07014pt too wide) in alignment at lines 17477--17493
 [][][][][][][][][][] 
 []


Overfull \hbox (138.07014pt too wide) in alignment at lines 17493--17501
 [][][][][][][][][][] 
 []


Overfull \hbox (138.07014pt too wide) in alignment at lines 17501--17503
 [][][][][][][][][][] 
 []


Overfull \hbox (281.93015pt too wide) in alignment at lines 17503--17515
 [][][][][][][][][][] 
 []


Package longtable Warning: Column widths have changed
(longtable)                in table 13.10 on input line 17515.


Underfull \hbox (badness 2781) in paragraph at lines 17528--17534
\TU/lmr/m/n/10 ing con-fi-den-tial-ity cri-te-ria. Note: Three-year av-er-age is used
 []


Underfull \hbox (badness 1596) in paragraph at lines 17528--17534
\TU/lmr/m/n/10 for this in-di-ca-tor. This in-di-ca-tor in-cludes deaths with falls as
 []


Underfull \hbox (badness 2245) in paragraph at lines 17528--17534
\TU/lmr/m/n/10 the pri-mary cause of death. The ICD-10 codes for falls are:
 []


Overfull \hbox (7184.77919pt too wide) in paragraph at lines 17528--17534
\TU/lmr/m/n/10 V00111,V00121,V00131,V00141,V00151,V00181,V00211,V00221,V00281,V00311,V00321,V00381,V00811,V00821,V00831,V00841,V00891,W000XX,W001XX,W002XX,W009XX,W010XX,W0110X,W01110,W01111,W01118,W01119,W01190,W01198,W03XXX,W04XXX,W050XX,W051XX,W052XX,W06XXX,W07XXX,W08XXX,W090XX,W091XX,W092XX,W098XX,W100XX,W101XX,W102XX,W108XX,W109XX,W11XXX,W12XXX,W130XX,W131XX,W132XX,W133XX,W134XX,W138XX,W139XX,W14XXX,W15XXX,W16012,W16022,W16032,W16112,W16122,W16132,W16212,W16222,W16312,W16322,W16332,W1642X,W16512,W16522,W16532,W16612,W16622,W16712,W16722,W16812,W16822,W16832,W1692X,W170XX,W171XX,W172XX,W173XX,W174XX,W1781X,W1782X,W1789X,W1811X,W1812X,W182XX,W1830X,W1831X,W1839X,W19XXX.V00111,V00121,V00131,V00141,V00151,V00181,V00211,V00221,V00281,V00311,V00321,V00381,V00811,V00821,V00831,V00841,V00891,W000XX,W001XX,W002XX,W009XX,W010XX,W0110X,W01110,W01111,W01118,W01119,W01190,W01198,W03XXX,W04XXX,W050XX,W051XX,W052XX,W06XXX,W07XXX,W08XXX,W090XX,W091XX,W092XX,W098XX,W100XX,W101XX,W102XX,W108XX,W109XX,W11XXX,W12XXX,W130XX,W131XX,W132XX,W133XX,W134XX,W138XX,W139XX,W14XXX,W15XXX,W16012,W16022,W16032,W16112,W16122,W16132,W16212,W16222,W16312,W16322,W16332,W1642X,W16512,W16522,W16532,W16612,W16622,W16712,W16722,W16812,W16822,W16832,W1692X,W170XX,W171XX,W172XX,W173XX,W174XX,W1781X,W1782X,W1789X,W1811X,W1812X,W182XX,W1830X,W1831X,W1839X,W19XXX,and
 []

[234]

LaTeX Warning: Reference `fig-mortal-homicide-aar' on page 235 undefined on input line 17571.


Overfull \hbox (138.69014pt too wide) in alignment at lines 17588--17603
 [][][][][][][][][][] 
 []


Overfull \hbox (138.69014pt too wide) in alignment at lines 17603--17611
 [][][][][][][][][][] 
 []


Overfull \hbox (138.69014pt too wide) in alignment at lines 17611--17613
 [][][][][][][][][][] 
 []


Overfull \hbox (138.69014pt too wide) in alignment at lines 17613--17619
 [][][][][][][][][][] 
 []

[235]

LaTeX Warning: Reference `fig-assault-hospital-aar' on page 236 undefined on input line 17642.


Overfull \hbox (138.69014pt too wide) in alignment at lines 17659--17674
 [][][][][][][][][][] 
 []


Overfull \hbox (138.69014pt too wide) in alignment at lines 17674--17682
 [][][][][][][][][][] 
 []


Overfull \hbox (138.69014pt too wide) in alignment at lines 17682--17684
 [][][][][][][][][][] 
 []


Overfull \hbox (138.69014pt too wide) in alignment at lines 17684--17690
 [][][][][][][][][][] 
 []

[236]

LaTeX Warning: Reference `fig-dv-victim-rate' on page 237 undefined on input line 17726.


Overfull \hbox (138.69014pt too wide) in alignment at lines 17743--17755
 [][][][][][][][][][] 
 []


Overfull \hbox (138.69014pt too wide) in alignment at lines 17755--17760
 [][][][][][][][][][] 
 []


Overfull \hbox (138.69014pt too wide) in alignment at lines 17760--17762
 [][][][][][][][][][] 
 []


Overfull \hbox (140.91014pt too wide) in alignment at lines 17762--17772
 [][][][][][][][][][] 
 []


Package longtable Warning: Column widths have changed
(longtable)                in table 13.13 on input line 17772.

[237]
Chapter 14.

LaTeX Warning: Reference `sec-appendix-l-mid-hudson-regional-community-health-survey' on page 238 undefined on input line 17819.

[238

] [239]

LaTeX Warning: Reference `fig-dc-pav' on page 240 undefined on input line 17911.


Overfull \hbox (548.0401pt too wide) in alignment at lines 17946--17959
 [][][][][][] 
 []


Overfull \hbox (548.0401pt too wide) in alignment at lines 17959--17965
 [][][][][][] 
 []


Overfull \hbox (548.0401pt too wide) in alignment at lines 17965--17967
 [][][][][][] 
 []


Overfull \hbox (548.0401pt too wide) in alignment at lines 17967--17970
 [][][][][][] 
 []

[240] [241]

LaTeX Warning: Reference `tbl-age' on page 242 undefined on input line 18044.


LaTeX Warning: Reference `fig-poverty-rate' on page 242 undefined on input line 18055.


LaTeX Warning: Reference `sec-appendix-m-orange-county-community-health-survey' on page 242 undefined on input line 18079.

[242] [243]

LaTeX Warning: Reference `sec-appendix-n-orange-county-community-asset-survey' on page 244 undefined on input line 18155.

[244] [245] [246] [247] [248] [249] [250] [251] [252] [253] [254] [255] [256]

Package longtable Warning: Column widths have changed
(longtable)                in table 14.2 on input line 18944.

ignored: Infinite glue shrinkage found in box being split [257] [258] [259] [260] [261] [262] [263]
Underfull \hbox (badness 6016) in paragraph at lines 19382--19390
\TU/lmr/m/n/10 providers is a chal-lenge \TU/lmr/bx/n/10 ?@fig-mental-health-provider-access-
 []

[264] [265] [266] [267] [268]
Chapter 15.
<chapters/../media/appendix-maps/appendix-a-mid-hudson-region-map.png, id=1804, 614.295pt x 794.97pt>
File: chapters/../media/appendix-maps/appendix-a-mid-hudson-region-map.png Graphic file (type png)
<use chapters/../media/appendix-maps/appendix-a-mid-hudson-region-map.png>
Package luatex.def Info: chapters/../media/appendix-maps/appendix-a-mid-hudson-region-map.png  used on input line 19568.
(luatex.def)             Requested size: 345.0058pt x 446.4781pt.
[269

]
Overfull \vbox (133.28549pt too high) has occurred while \output is active []

[270<./chapters/../media/appendix-maps/appendix-a-mid-hudson-region-map.png>]
<chapters/../media/appendix-maps/appendix-b-dutchess-county-map.png, id=1818, 614.295pt x 794.97pt>
File: chapters/../media/appendix-maps/appendix-b-dutchess-county-map.png Graphic file (type png)
<use chapters/../media/appendix-maps/appendix-b-dutchess-county-map.png>
Package luatex.def Info: chapters/../media/appendix-maps/appendix-b-dutchess-county-map.png  used on input line 19574.
(luatex.def)             Requested size: 345.0058pt x 446.4781pt.

LaTeX Warning: File `chapters/../media/appendix-maps/appendix-c-putnam-county-map.png' not found on input line 19580.


! Package luatex.def Error: File `chapters/../media/appendix-maps/appendix-c-putnam-county-map.png' not found: using draft setting.

See the luatex.def package documentation for explanation.
Type  H <return>  for immediate help.
 ...                                              
                                                  
l.19580 ...ix-maps/appendix-c-putnam-county-map.png}
                                                  

Here is how much of LuaTeX's memory you used:
 41417 strings out of 476076
 156364,1648299 words of node,token memory allocated
 21573 words of node memory still in use:
   18 hlist, 1 vlist, 3 rule, 3 disc, 5 local_par, 1 dir, 43 glue, 13 kern, 13 penalty, 3 margin_kern, 79 glyph, 7435 attribute, 64 glue_spec, 2483 attribute_list, 1 temp, 7 if_stack, 4 write, 1 user_defined, 1 pdf_start_link, 1 pdf_end_link, 2 pdf_dest, 6 pdf_action, 2 pdf_colorstack, 1 pdf_setmatrix, 1 pdf_save, 1 pdf_restore nodes
   avail lists: 1:7,2:20604,3:1247,4:162,5:605,6:55,7:9338,8:99,9:1331,10:26,11:672
 62163 multiletter control sequences out of 65536+600000
 69 fonts using 19957035 bytes
 98i,9n,114p,1344b,1088s stack positions out of 10000i,1000n,20000p,200000b,200000s
!  ==> Fatal error occurred, no output PDF file produced!
